Barcode,Binary Category
AAACAAGTATCTCCCA-1,Tumor
AAACAATCTACTAGCA-1,Tumor
AAACAGAGCGACTCCT-1,Tumor
AAACAGCTTTCAGAAG-1,
AAACAGGGTCTATATT-1,
AAACCCGAACGAAATC-1,Tumor
AAACCGGAAATGTTAA-1,
AAACCGGGTAGGTACC-1,
AAACCGTTCGTCCAGG-1,
AAACCTCATGAAGTTG-1,
AAACGAAGAACATACC-1,Tumor
AAACGAGACGGTTGAT-1,Tumor
AAACGCCCGAGATCGG-1,Tumor
AAACGTGTTCGCCCTA-1,Tumor
AAACTAACGTGGCGAC-1,Tumor
AAACTCGTGATATAAG-1,Tumor
AAACTGCTGGCTCCAA-1,Tumor
AAACTTGCAAACGTAT-1,
AAAGACATGAAGTTTA-1,Tumor
AAAGACCCAAGTCGCG-1,Tumor
AAAGCTTGCCTACATA-1,Tumor
AAAGGCTACGGACCAT-1,
AAAGGCTCTCGCGCCG-1,
AAAGGGATGTAGCAAG-1,Tumor
AAAGGGCAGCTTGAAT-1,Tumor
AAAGGTAAGCTGTACC-1,Tumor
AAAGTAGCATTGCTCA-1,
AAAGTCACTGATGTAA-1,Tumor
AAAGTCGACCCTCAGT-1,
AAAGTGCCATCAATTA-1,
AAAGTGTGATTTATCT-1,Tumor
AAAGTTGACTCCCGTA-1,Tumor
AAATAACCATACGGGA-1,Tumor
AAATAAGGTAGTGCCC-1,Tumor
AAATACCTATAAGCAT-1,Tumor
AAATAGCTTAGACTTT-1,Tumor
AAATAGGGTGCTATTG-1,Tumor
AAATCGTGTACCACAA-1,Tumor
AAATCTAGCCCTGCTA-1,Tumor
AAATGATTCGATCAGC-1,Tumor
AAATGCTCGTTACGTT-1,Tumor
AAATGGCATGTCTTGT-1,Tumor
AAATGGCCCGTGCCCT-1,
AAATGGTCAATGTGCC-1,Tumor
AAATGTGGGTGCTCCT-1,Tumor
AAATTAACGGGTAGCT-1,Tumor
AAATTAATAAGCGCGA-1,
AAATTACACGACTCTG-1,Tumor
AAATTACCTATCGATG-1,Tumor
AAATTCCAGGTCCAAA-1,Tumor
AAATTGATAGTCCTTT-1,
AAATTGGTGAGAAGCA-1,Tumor
AAATTTACCGAAATCC-1,Tumor
AAATTTGCGGGTGTGG-1,
AACAACTGGTAGTTGC-1,Tumor
AACAATTACTCTACGC-1,
AACACACGCTCGCCGC-1,Tumor
AACACGACTGTACTGA-1,Tumor
AACACGAGACGCGGCC-1,
AACACGCGGCCGCGAA-1,Tumor
AACAGCTGTGTGGCAA-1,
AACAGGAAATCGAATA-1,Tumor
AACAGGATGGGCCGCG-1,Tumor
AACAGGTAGTATGGAT-1,Tumor
AACATATCAACTGGTG-1,Tumor
AACATCGATACGTCTA-1,Tumor
AACATTGTGACTCGAG-1,
AACCAAGACTTCTCTG-1,
AACCAGTATCACTCTT-1,Tumor
AACCATGGGATCGCTA-1,Tumor
AACCCAGAGACGGAGA-1,Tumor
AACCCATCCCATGATC-1,
AACCCGAGCAGAATCG-1,
AACCCTACTGTCAATA-1,Tumor
AACCCTGGTGGAACCA-1,Tumor
AACCGAGCTTGGTCAT-1,Tumor
AACCGCTAAGGGATGC-1,Tumor
AACCGTTGTGTTTGCT-1,Tumor
AACCTGTCACGGAATT-1,Tumor
AACCTTTAAATACGGT-1,Tumor
AACCTTTACGACGTCT-1,Tumor
AACGATAATGCCGTAG-1,Tumor
AACGATAGAAGGGCCG-1,Tumor
AACGATATGTCAACTG-1,Tumor
AACGCATGATCTGGGT-1,Tumor
AACGCGAACGGCAACA-1,Tumor
AACGCGGTCTCCAGCC-1,Tumor
AACGCTGTTGCTGAAA-1,Tumor
AACGGACGTACGTATA-1,Tumor
AACGGCCATCTCCGGT-1,
AACGTACTGTGGGTAC-1,
AACGTAGTCTACCCAT-1,Tumor
AACGTCAGACTAGTGG-1,Tumor
AACGTGATGAAGGACA-1,Tumor
AACGTGCGAAAGTCTC-1,Tumor
AACGTTATCAGCACCT-1,
AACTACCCGTTTGTCA-1,Tumor
AACTAGCGTATCGCAC-1,Tumor
AACTAGGCTTGGGTGT-1,Tumor
AACTCAAGTTAATTGC-1,Tumor
AACTCCTAATCCCATG-1,Tumor
AACTCGATGGCGCAGT-1,Tumor
AACTCTCAATAGAGCG-1,Tumor
AACTCTCAGTGTGCTC-1,
AACTGAGGTCAGCGTC-1,Tumor
AACTGAGTTATACTGA-1,
AACTGATATTAGGCCT-1,Tumor
AACTGGGTCCCGACGT-1,Tumor
AACTGGGTTCGAGCCG-1,Tumor
AACTGGTGTGGGCCTT-1,Tumor
AACTTCTGCGTCTATC-1,Tumor
AACTTGCCCGTATGCA-1,Tumor
AACTTGCGTTCTCGCG-1,Tumor
AACTTTACGGGAGCTT-1,
AACTTTAGCTGCTGAG-1,Tumor
AACTTTCTCGATCATG-1,Tumor
AAGAAATCACCAGATT-1,Tumor
AAGAAGGATCAGTTAG-1,Tumor
AAGACCCAACTGAACA-1,
AAGACTAACCCGTTGT-1,Tumor
AAGACTCACGCCCACT-1,Tumor
AAGACTGCAAGCTACT-1,Tumor
AAGAGATGAATCGGTA-1,
AAGAGCTCTTTATCGG-1,Tumor
AAGAGGATGTACGCGA-1,
AAGAGGCATGGATCGC-1,Tumor
AAGAGGCCCTTTGGAA-1,
AAGATGGCACCGGACC-1,
AAGATTGGCGGAACGT-1,Tumor
AAGCATACTCTCCTGA-1,Tumor
AAGCCGAAGCGGTTTA-1,Tumor
AAGCCGCTTTACCTTG-1,Tumor
AAGCGGAGTGCGCGCA-1,Tumor
AAGCGGCGTCATGGGT-1,Tumor
AAGCTAGATCGAGTAA-1,Tumor
AAGCTCGTGCCAAGTC-1,Tumor
AAGCTCTTTCATGGTG-1,Tumor
AAGGAGAACTTATAAG-1,Tumor
AAGGAGCGGTTGGTGC-1,Tumor
AAGGATCGATCGCTTG-1,Tumor
AAGGATGAGGGACCTC-1,Tumor
AAGGCAGGCTGTCTCC-1,Tumor
AAGGCGCGTAAAGCTT-1,Tumor
AAGGCTGTGCTCATCG-1,Tumor
AAGGGACAGATTCTGT-1,Tumor
AAGGTATCCTAATATA-1,Tumor
AAGGTGATAAACCAGC-1,Tumor
AAGTAGAAGACCGGGT-1,Tumor
AAGTAGTGACGCGAGG-1,
AAGTCAATTGTCGTCA-1,Tumor
AAGTCTAGTAGCTGCC-1,Tumor
AAGTCTTCTGTGGCCT-1,
AAGTGACGACCGAATT-1,
AAGTGCAAAGGTAGAC-1,
AAGTGCCTTGACTGTA-1,Tumor
AAGTGCGTTAGAATCT-1,
AAGTGTTTGGAGACGG-1,Tumor
AAGTTCACTCCAAGCT-1,Tumor
AAGTTCAGTCTGCGTA-1,Tumor
AAGTTCGGCCAACAGG-1,
AAGTTTACTAATGGCA-1,Tumor
AATAACAACGCTCGGC-1,
AATAACACTAGAACAA-1,
AATAAGTCCTCGAGAC-1,Tumor
AATAATCTTCGTATCG-1,
AATACAATGTTTCAGG-1,
AATAGAACAGAGTGGC-1,
AATAGAATCTGTTTCA-1,Tumor
AATAGCAAGCCTCCTG-1,Tumor
AATAGCTACCGCGTGC-1,Tumor
AATAGTCCGTCCCGAC-1,
AATAGTCGCGAGTCGG-1,
AATATCAAGGTCGGAT-1,Tumor
AATATCCTAGCAAACT-1,
AATATCGAATCAATGC-1,Tumor
AATATCGAGGGTTCTC-1,Tumor
AATATTGGAGTATTGA-1,
AATCATGTAAAGACTC-1,Tumor
AATCCAAGGGCCTGAG-1,Tumor
AATCCATGCAAGGGTG-1,Tumor
AATCGCCTCAGCGCCA-1,Tumor
AATCGCGCAGAGGACT-1,Tumor
AATCGGGACACTACGA-1,Tumor
AATCTAGGTTTACTTG-1,
AATCTATGCCGGAGCC-1,Tumor
AATCTCTACTGTGGTT-1,
AATCTGCGTTGGGACG-1,Tumor
AATCTGGCTTTCTAGT-1,
AATCTGGGTAGACCCT-1,Tumor
AATGACAGCAATGTCT-1,
AATGACGTAGGATGTC-1,Tumor
AATGACTGTCAGCCGG-1,Tumor
AATGAGTTCGCATATG-1,Tumor
AATGATGATACGCTAT-1,Tumor
AATGATGCGACTCCTG-1,Tumor
AATGCAACCGGGTACC-1,Tumor
AATGCACCAAGCAATG-1,Tumor
AATGGTCCACCGTTCA-1,
AATGGTTCTCACAAGC-1,Tumor
AATGTGCCCGAGGTGT-1,
AATTAAAGGTCGGCGT-1,Tumor
AATTAACGGATTTCCA-1,Tumor
AATTAGCGCTGCAGCG-1,Tumor
AATTCATAAGGGATCT-1,Tumor
AATTCTAGAGTTAGGC-1,Tumor
AATTGAACGCTCTGGT-1,Tumor
AATTTGGGACATAGTA-1,Tumor
AATTTGGTTCCAAAGA-1,Tumor
ACAAACCGACAAGGCG-1,Tumor
ACAAAGAAGGTAGGCC-1,
ACAAATCGCACCGAAT-1,Tumor
ACAAATGGTAGTGTTT-1,Tumor
ACAAATTCAGATCTGA-1,Tumor
ACAACAGCATGAGCTA-1,Tumor
ACAACGGTCCCTGCGA-1,Tumor
ACAAGCAGTGCCTAGC-1,Tumor
ACAAGCTATATGGAAG-1,
ACAAGGAAATCCGCCC-1,Tumor
ACAAGGCCTACCAGCC-1,Tumor
ACAAGGGCAGGCTCTG-1,Tumor
ACAATAGTCGTACGTT-1,
ACAATCCATTTAAACC-1,Tumor
ACAATCGATCTTTATA-1,Tumor
ACAATGAATACGGAGA-1,
ACAATGATTCTTCTAC-1,Tumor
ACAATTGTGTCTCTTT-1,Tumor
ACAATTTAGGAGGCTC-1,
ACAATTTGAGCAGTGG-1,Tumor
ACAATTTGGCCATATT-1,Tumor
ACACAAAGACGGGTGG-1,Tumor
ACACAAATATTCCTAG-1,Tumor
ACACACCAGGACCAGT-1,Tumor
ACACACTTTCTACACG-1,Tumor
ACACCACATAATTAGC-1,Tumor
ACACCCAGCATGCAGC-1,Tumor
ACACCCGAGAAATCCG-1,Tumor
ACACCTTAAGTAGGGC-1,Tumor
ACACCTTACTACTTGC-1,Tumor
ACACGAGACTCCTTCT-1,Tumor
ACACGGCACTATGCAT-1,Tumor
ACACGGGAACTTAGGG-1,Tumor
ACACGTAGGCCACAAG-1,Tumor
ACACTCCAATGTCACT-1,Tumor
ACACTGATCAAGGTGT-1,
ACAGAACTGAGAACAA-1,
ACAGATTAGGTTAGTG-1,Tumor
ACAGCATAGAGCCAGT-1,Tumor
ACAGCGACATTCTCAT-1,Tumor
ACAGCGCACCCGCAGC-1,Tumor
ACAGGCTTGCCCGACT-1,Tumor
ACAGGTGGAGGTGAGG-1,
ACAGGTGTGTTGTTGC-1,
ACAGTAATACAACTTG-1,
ACAGTATACCGTGGGA-1,Tumor
ACATAATAAGGCGGTG-1,Tumor
ACATCAGCTGGGACGC-1,
ACATCCCGGCCATACG-1,Tumor
ACATCCTGGTAACTGT-1,Tumor
ACATCGATCGTTTACC-1,Tumor
ACATCGGTCAGCCGCG-1,Tumor
ACATCGTATGCAATGG-1,Tumor
ACATCGTTAACCTAGT-1,Tumor
ACATCTCAACGCGTAA-1,Tumor
ACATGGCGCCAAAGTA-1,Tumor
ACATTAGTTTATATCC-1,Tumor
ACCAAACACCCAGCGA-1,Tumor
ACCAAACTAGAAATCC-1,Tumor
ACCAACACCACACACT-1,Tumor
ACCAACGCTTATTTAT-1,
ACCAAGAACGCGTGTC-1,Tumor
ACCAATATGCAAGTTA-1,Tumor
ACCACAACTCAGAACA-1,Tumor
ACCACAAGTTTCTATC-1,Tumor
ACCACCAATGTAACAA-1,Tumor
ACCACCCTCTCTTCTA-1,Tumor
ACCACGTGCAGCTATA-1,Tumor
ACCAGACCATAACAAC-1,
ACCAGCCCGGTCTTTG-1,Tumor
ACCAGGAGTGTGATCT-1,Tumor
ACCAGTGCCCGGTCAA-1,Tumor
ACCAGTGCGGGAGACG-1,Tumor
ACCATATCCGCAATAA-1,Tumor
ACCATCCGCCAACTAG-1,
ACCATCGTATATGGTA-1,Tumor
ACCCAACGCCCGTGGC-1,Tumor
ACCCACCTACATGCTC-1,Tumor
ACCCATCTTGAGGGTA-1,Tumor
ACCCGGAAACTCCCAG-1,Tumor
ACCCGGAGCACCACAA-1,
ACCCGGATGACGCATC-1,Tumor
ACCCGGTTACACTTCC-1,Tumor
ACCCGTGTCATCAGTA-1,
ACCCTATAGGACTGAG-1,Tumor
ACCCTATGCCATATCG-1,
ACCCTCCCTTGCTATT-1,Tumor
ACCCTGGTAACGCCCT-1,Tumor
ACCCTTCATCTGCGAA-1,Tumor
ACCCTTGCCTGGGTCG-1,Tumor
ACCCTTTAGTTCTCCA-1,Tumor
ACCGAAAGGGCCCTGC-1,Tumor
ACCGACTGAGTCCCAC-1,Tumor
ACCGATAGGCATAACC-1,
ACCGATATTTAATCAT-1,
ACCGATGGTAGCATCG-1,Tumor
ACCGCAATAACTGCCT-1,Tumor
ACCGCGGTGGAAGTCG-1,Tumor
ACCGGGCCTTTGTTGA-1,Tumor
ACCGGTCTGAGTACGG-1,Tumor
ACCGTTCCCGCTCTGA-1,Tumor
ACCTAAGTACCTTTCA-1,
ACCTAATCGACTTCCT-1,Tumor
ACCTACAGTATGTGGT-1,Tumor
ACCTCCGCCCTCGCTG-1,Tumor
ACCTCCGTTATTCACC-1,Tumor
ACCTGCGTGTCATGTT-1,
ACGAAATGGGCGGCAC-1,
ACGACCCATGAGTTGC-1,
ACGAGAACCCATCACG-1,Tumor
ACGAGATATTTGCTTA-1,Tumor
ACGAGGATACCACTCT-1,
ACGAGTACGGATGCCC-1,Tumor
ACGATACATAGAACTA-1,Tumor
ACGATCATACATAGAG-1,Tumor
ACGATCATCTTGTAAA-1,Tumor
ACGATGCATATGTTAT-1,Tumor
ACGATGGATCCGATGC-1,Tumor
ACGCAATCACTACAGC-1,Tumor
ACGCATAAATGACATG-1,Tumor
ACGCATACGTTTACTA-1,Tumor
ACGCATTCGTGAGTAC-1,Tumor
ACGCCAGATGATTTCT-1,Tumor
ACGCCCAGCTGTCGAT-1,Tumor
ACGCCGCTAGACGACC-1,Tumor
ACGCGAAGTCAGACGA-1,Tumor
ACGCGCTACACAGGGT-1,
ACGCGGGCCAAGGACA-1,Tumor
ACGCGTTTCTTAAGAG-1,
ACGCTAGTGATACACT-1,Tumor
ACGCTGTGAGGCGTAG-1,
ACGCTTAGTGTCTCTC-1,Tumor
ACGGAATTTAGCAAAT-1,Tumor
ACGGAGCGCAAATTAC-1,Tumor
ACGGATGGTGCGGATA-1,Tumor
ACGGCACTTGCTTGGG-1,Tumor
ACGGCCAACATGGACT-1,Tumor
ACGGCGACGATGGGAA-1,Tumor
ACGGCGGGTTGCCCTG-1,Tumor
ACGGGAGTGTCGGCCC-1,
ACGGGCGTATGCGACA-1,Tumor
ACGTACAGATTTCTCT-1,Tumor
ACGTAGATTGCTGATG-1,Tumor
ACGTATTACTCCGATC-1,Tumor
ACGTCCTAAACGAGAT-1,
ACGTCTCGTTCCGGGA-1,
ACGTGACAAAGTAAGT-1,
ACGTGCGCCTCGTGCA-1,Tumor
ACGTGGTCGAATGTGC-1,Tumor
ACGTTAATGTCGAAGA-1,Tumor
ACGTTAGATTTGCCCG-1,Tumor
ACGTTATTGGTCACTC-1,
ACGTTCCGCGCTCCGT-1,Tumor
ACGTTCGCAATCAATT-1,Tumor
ACGTTCGTTCAGGAAA-1,
ACGTTTAGTTGTGATC-1,Tumor
ACTAAGGACGCACACC-1,Tumor
ACTAATACGTCAGGCG-1,Tumor
ACTACCAGCTCTCTGG-1,Tumor
ACTACGCGTTAGAATT-1,
ACTAGTTGCGATCGTC-1,Tumor
ACTATATGCTGTGTTC-1,Tumor
ACTATCCAGGGCATGG-1,Tumor
ACTATCTGCCCGCGTA-1,Tumor
ACTATTCGTCCGTGGT-1,Tumor
ACTATTTCCGGGCCCA-1,
ACTCAACGAATGTATT-1,Tumor
ACTCAATAAAGGCACG-1,Tumor
ACTCAGACCTGCTTCT-1,Tumor
ACTCCCATTCCTAAAG-1,
ACTCCCGAATTCGTTT-1,Tumor
ACTCCCGTAGACTAGG-1,Tumor
ACTCCCTAATGCTAAA-1,Tumor
ACTCCCTAGAATAGTA-1,Tumor
ACTCGATGTATTTCAT-1,
ACTCGCGATCTGACGC-1,Tumor
ACTCGTAACCCGTCCT-1,
ACTCGTCAGTAATCCC-1,Tumor
ACTCTCTGACTTAGGT-1,Tumor
ACTCTCTTATACACGA-1,Tumor
ACTCTTCAGCTCCCGC-1,Tumor
ACTCTTGTATAGTAAC-1,Tumor
ACTGAAACGCCGTTAG-1,Tumor
ACTGAATGGCGAAAGT-1,Tumor
ACTGATTTAGTGATTC-1,Tumor
ACTGCCGTCGTAACTC-1,Tumor
ACTGCGGACACACCGT-1,Tumor
ACTGCTCGGAAGGATG-1,
ACTGGCGAACCTGCGT-1,Tumor
ACTGTACGATACACAT-1,Tumor
ACTGTAGCACTTTGGA-1,Tumor
ACTGTATACGCGAGCA-1,Tumor
ACTGTCCAGGATTATA-1,Tumor
ACTGTCTTCTTTAGAA-1,Tumor
ACTGTGCTAGTAGATC-1,Tumor
ACTGTTTAGTGTAGGC-1,Tumor
ACTTACCGGGCGCGCA-1,Tumor
ACTTACGCATCCACGC-1,Tumor
ACTTAGTACGACAAGA-1,Tumor
ACTTATACTTACCCGG-1,Tumor
ACTTATTAGGATCGGT-1,Tumor
ACTTATTTATGTGCCA-1,Tumor
ACTTCAGGCTGATCCC-1,Tumor
ACTTCGCCATACGCAC-1,Tumor
ACTTCGCTAGCGAGTG-1,Tumor
ACTTGACTCCCTCTTT-1,Tumor
ACTTGCCATATTGTAC-1,Tumor
ACTTGGGACCCGGTGG-1,Tumor
ACTTGTAGTCCCTTCA-1,
ACTTGTGGATGGAACG-1,Tumor
ACTTTACCCTCATGAA-1,Tumor
ACTTTCCTATAGCTTC-1,Tumor
ACTTTGACTGCATCCT-1,
ACTTTGTCGACGCACT-1,
AGAAATTATGACTCGC-1,Tumor
AGAACCCAGCGTGACA-1,Tumor
AGAACGTGGTACATTC-1,Tumor
AGAAGAGCGCCGTTCC-1,Tumor
AGAAGGTACACTTCAC-1,
AGAAGGTTGCCGAATT-1,Tumor
AGAAGTGATTCGTGAT-1,
AGAATAAATCTTCAGG-1,
AGAATGCGGGTTCGGA-1,Tumor
AGAATTATGGATTCGA-1,Tumor
AGAATTGTTTGACATA-1,Tumor
AGACAGCTCAGAATCC-1,
AGACAGGCATCTCAGC-1,
AGACATAGATCCTTCC-1,Tumor
AGACCAAACCACACCT-1,
AGACCATGGGATACAA-1,Tumor
AGACCCACCGCTGATC-1,Tumor
AGACCCGCCCTCCTCG-1,Tumor
AGACCGCTCCGCGGTT-1,Tumor
AGACCGGGAAACCCTG-1,
AGACGAAGTGCCGGTC-1,Tumor
AGACGACGATGCCGCT-1,
AGACGCCCACTTCGCC-1,
AGACGGGATTGGTATA-1,Tumor
AGACGGGCCGATTTAA-1,Tumor
AGACTAGCCTTCCAGA-1,Tumor
AGACTGTTACCGGGTC-1,
AGAGAACCGTCTAGGA-1,Tumor
AGAGATCTCTAAAGCG-1,
AGAGCCGCCGAGATTT-1,
AGAGCGCTTGTAACGG-1,Tumor
AGAGCGGGCTAATCAT-1,Tumor
AGAGCGTACAAGCTCG-1,Tumor
AGAGCTACGAAAGCAT-1,Tumor
AGAGGCTTCGGAAACC-1,Tumor
AGAGGGACAATTGTCC-1,Tumor
AGAGGTATCTCGGTCC-1,Tumor
AGAGTAAACTTCACTA-1,Tumor
AGAGTATAGTGTTACG-1,Tumor
AGAGTTAGAGACCGAT-1,Tumor
AGAGTTGCAGGCCTCC-1,Tumor
AGATAACTTCAGGGCC-1,Tumor
AGATACCAGCACTTCA-1,Tumor
AGATACCGGTGTTCAC-1,Tumor
AGATACGACTTCATAT-1,Tumor
AGATACTCAAGATCGA-1,Tumor
AGATCGTGCATAAGAT-1,Tumor
AGATCTCAGGTGTGAT-1,Tumor
AGATGACTCGCCCACG-1,Tumor
AGATGAGGGTTGCGAT-1,Tumor
AGATGATGGAGTCTGG-1,Tumor
AGATGCAAGACGTGCA-1,
AGATGCATCCTGTGTC-1,
AGATTATAGGACGTTT-1,Tumor
AGATTCAAGCGGGTCG-1,Tumor
AGATTCACAACCGATA-1,
AGCAACATATCTTATT-1,Tumor
AGCAACCGAAAGTAAT-1,
AGCACCAGTACTCACG-1,Tumor
AGCACTACCGGCCTGT-1,
AGCACTACCTCACCAG-1,Tumor
AGCACTTAAGGACGCC-1,Tumor
AGCAGCCAGATGAATA-1,
AGCATATCAATATGCT-1,Tumor
AGCATCATTTCGAAAG-1,
AGCATCGTCGATAATT-1,Tumor
AGCCACTCCCGTGCTT-1,Tumor
AGCCCATACATGTAAG-1,
AGCCCGGTAGCCTGTA-1,
AGCCCTAAGCGAAGTT-1,Tumor
AGCCCTGTCGCACCGT-1,Tumor
AGCCCTTCTAATCCGA-1,Tumor
AGCCGCAAATTCAAAT-1,
AGCCGTGGCTAAATGT-1,
AGCCTAATACCCACGT-1,
AGCCTTAAAGCGGAAG-1,
AGCGACAGGAACGGTC-1,
AGCGACATCCCATTCA-1,Tumor
AGCGACCAACGATATT-1,Tumor
AGCGCATAATGAATCG-1,
AGCGCGGGTGCCAATG-1,Tumor
AGCGCTAGAGCGATGT-1,Tumor
AGCGCTTATGGGCAAG-1,Tumor
AGCGGCGGTTAGCGGT-1,
AGCGGGAAGGGTCCAT-1,Tumor
AGCGGTTGAGATGTAC-1,Tumor
AGCGGTTGCCGCTCTG-1,Tumor
AGCGTACGAGAGCTAG-1,Tumor
AGCGTCTGAACCCGCA-1,Tumor
AGCGTGGTATTCTACT-1,Tumor
AGCGTTCCGATTTAAA-1,Tumor
AGCTAACAAGCAATGT-1,
AGCTAGAAGCAGAAGT-1,Tumor
AGCTATTTAATCCAAC-1,Tumor
AGCTCCATATATGTTC-1,Tumor
AGCTCCTTCGCACATC-1,Tumor
AGCTCGTTGATGGAAA-1,Tumor
AGCTCTAGACGTTCCA-1,Tumor
AGCTCTTCCCAGTGCA-1,Tumor
AGCTCTTCGTAACCTT-1,Tumor
AGCTCTTTACTCAGTT-1,Tumor
AGCTGAAGTAAACCAA-1,Tumor
AGCTGTAACCTCAATC-1,
AGCTTATAGAGACCTG-1,Tumor
AGCTTGATCTTAACTT-1,
AGGAAGCTGTCCGCCG-1,
AGGACAGTCGAATCCC-1,Tumor
AGGACATCGCACGTCG-1,Tumor
AGGACGACCCATTAGA-1,Tumor
AGGACGCTCGATGTTG-1,Tumor
AGGAGACATCCACAGT-1,Tumor
AGGAGAGTCTGGCTAC-1,Tumor
AGGAGGCCTTCGCGCG-1,Tumor
AGGATAAAGTCGGGAT-1,Tumor
AGGATATAGGGATTTA-1,Tumor
AGGATCACGCGATCTG-1,
AGGATTGCTTACGACA-1,Tumor
AGGCAAAGAGGAATCA-1,Tumor
AGGCACGTGACTGTCC-1,
AGGCAGATGCGTAAAC-1,Tumor
AGGCAGGGAGCGTACT-1,
AGGCATTGTCGTAGGG-1,Tumor
AGGCCACATTGGTTAC-1,Tumor
AGGCCCATTGTACAGG-1,Tumor
AGGCCCTAGAACGCCA-1,
AGGCGATAACTGGCGT-1,
AGGCGTCTATGGACGG-1,Tumor
AGGCTATGGTTAGCTT-1,Tumor
AGGCTTCCCGAAGAAG-1,
AGGCTTGCTAGACACC-1,
AGGGAAACGAGGTACT-1,Tumor
AGGGACAGCACGGCGG-1,Tumor
AGGGACCGGCTGCGTT-1,Tumor
AGGGACTCTACGCGAC-1,
AGGGAGACATACTTCG-1,Tumor
AGGGCAGCGGCGTGGT-1,Tumor
AGGGCGAGCAGCTGAT-1,
AGGGCGTGATCGGCTA-1,Tumor
AGGGCTGCAGTTACAG-1,Tumor
AGGGTCAGTAACCCTA-1,Tumor
AGGGTCGATGCGAACT-1,Tumor
AGGGTGCTCTCGAGGG-1,Tumor
AGGGTGGATAGTGCAT-1,
AGGGTTCCCTTTGGTT-1,Tumor
AGGGTTTAGTTCGGGA-1,Tumor
AGGTAACCTCCTATTC-1,Tumor
AGGTACGATATTGCCA-1,Tumor
AGGTAGGTACAAAGCT-1,
AGGTATAATTGATAGT-1,Tumor
AGGTATGCGGACATTA-1,Tumor
AGGTCAGGTGAGAGTG-1,
AGGTCGCCTCCCAACA-1,
AGGTCGCGGAGTTACT-1,Tumor
AGGTGTATCGCCATGA-1,
AGGTTACACCATGCCG-1,Tumor
AGGTTGAGGCACGCTT-1,Tumor
AGGTTTCACACACCTT-1,Tumor
AGTAACGTTCATCCTG-1,Tumor
AGTAATGTCTTGCCGC-1,Tumor
AGTACATCATTTATCA-1,Tumor
AGTACCTTCGAGTGCT-1,Tumor
AGTACGGCCCGTATCG-1,
AGTACGGGCACCTGGC-1,Tumor
AGTACGTGGCCTGTCT-1,Tumor
AGTACTCTTATGCCCA-1,Tumor
AGTAGCGTGAACGAAC-1,Tumor
AGTAGCTAGACGCCGA-1,Tumor
AGTAGGAAGGAAGTTG-1,Tumor
AGTAGGTAACATACAT-1,Tumor
AGTATAATACTAGGCA-1,Tumor
AGTATACACAGCGACA-1,
AGTATGCTGGAGACCA-1,
AGTATTTGGCACGACC-1,
AGTCAACACCACCATC-1,Tumor
AGTCAAGATGACACTT-1,Tumor
AGTCACTAGCTCTCGA-1,Tumor
AGTCACTCCGCCTCAT-1,Tumor
AGTCAGCCACCGCCTG-1,Tumor
AGTCCATTGGCTGATG-1,Tumor
AGTCCCGCCTTTAATT-1,Tumor
AGTCCCTCGCAGAAAG-1,Tumor
AGTCGACGGTCTCAAG-1,Tumor
AGTCGGCCCAAACGAC-1,Tumor
AGTCGGCTCAACTTTA-1,
AGTCGGTTGCGTGAGA-1,Tumor
AGTCGTCGACCACCAA-1,Tumor
AGTCGTGGGCATTACG-1,
AGTCTAAAGTATACTC-1,Tumor
AGTCTCACAAGACTAC-1,
AGTCTGGACATCCTTG-1,Tumor
AGTCTTCTCCTCAAAT-1,Tumor
AGTGAACAAACTTCTC-1,Tumor
AGTGAAGATGGTGTCC-1,Tumor
AGTGACCTACTTTACG-1,Tumor
AGTGAGACTTCCAGTA-1,Tumor
AGTGAGCCTCGCCGCC-1,Tumor
AGTGAGGGTTTCTGAC-1,Tumor
AGTGATATGAGTAGTT-1,Tumor
AGTGATTCAAGCAGGA-1,Tumor
AGTGCACGCTTAAGAA-1,Tumor
AGTGCGTAGCTCGTAA-1,
AGTGCTTGCACGAATA-1,Tumor
AGTGGCGGCAATTTGA-1,Tumor
AGTGGCTCCGTCGGCC-1,
AGTGGTGTTACCCGTG-1,
AGTGGTTGCGTATAGG-1,
AGTGTATTGCGCATTG-1,Tumor
AGTGTGGTCTATTGTG-1,Tumor
AGTTAAACACTTGCGA-1,Tumor
AGTTAAGCGGTCCCGG-1,Tumor
AGTTAAGTCAACCGCT-1,
AGTTACCCTTAAGACT-1,
AGTTACCGCACATGGT-1,
AGTTACTCTATCGTGG-1,Tumor
AGTTATTGAAAGGTAA-1,Tumor
AGTTCACCGGTTGGAC-1,
AGTTCCTACAGAATTA-1,Tumor
AGTTCCTATTTATGTT-1,Tumor
AGTTCTGCGTTGTATC-1,Tumor
AGTTGACATCGGCTGG-1,Tumor
AGTTGCTGACTGATAT-1,Tumor
AGTTTATGTAAAGACA-1,Tumor
AGTTTCGCAGGTCGGA-1,Tumor
AGTTTGCACCTGCCTC-1,Tumor
AGTTTGGCACGGGTTG-1,Tumor
AGTTTGGCCAGACCTA-1,
ATAAACCATTGGACGG-1,Tumor
ATAAACGGACCCGTAA-1,Tumor
ATAAACGTTGCACCAC-1,Tumor
ATAAAGGCTCGGTCGT-1,Tumor
ATAAAGGTCAAGTACG-1,Tumor
ATAAATATTAGCAGCT-1,
ATAACGCCGGAGGGTC-1,Tumor
ATAACGGAGTCCAACG-1,Tumor
ATAACGTTACCTCCAC-1,Tumor
ATAAGCAAACACCGAG-1,Tumor
ATAAGGTGGAGAACAT-1,Tumor
ATAAGTACCCGATTGT-1,Tumor
ATAAGTAGGATTCAGA-1,Tumor
ATAAGTAGGGCGACTC-1,Tumor
ATAAGTTACCGCGACG-1,Tumor
ATAATACCGTTAGCCG-1,Tumor
ATAATAGCTGTTGAAT-1,Tumor
ATAATAGTGTAGGGAC-1,Tumor
ATACAGGCCCTCCAAT-1,Tumor
ATACCACGGGCAACTT-1,
ATACCAGCAAATTGCT-1,Tumor
ATACCAGGCTAATAGA-1,Tumor
ATACCAGGTGAGCGAT-1,Tumor
ATACCGTCATCCATAA-1,Tumor
ATACCTAACCAAGAAA-1,Tumor
ATACGAAGGCTTTCCA-1,Tumor
ATACGCCGGCGAAACC-1,Tumor
ATACGGAACGTCGTTT-1,
ATACGGGTTTCGATTG-1,Tumor
ATACGGTGAAGATGCA-1,
ATACGTACTTAGCCAC-1,Tumor
ATACGTCCACTCCTGT-1,Tumor
ATACTACCCGTACCAC-1,Tumor
ATACTAGCATGACCCT-1,Tumor
ATACTCTCGCCACTCT-1,Tumor
ATACTGCCTTACACCG-1,Tumor
ATACTTGTTCTCGAGC-1,
ATAGACAACGGGACCT-1,Tumor
ATAGACGAAGAGAAAG-1,Tumor
ATAGAGTACTGGGACA-1,Tumor
ATAGAGTTATCAACTT-1,Tumor
ATAGATTTGCAGTCGG-1,Tumor
ATAGCCTCAGTACCCA-1,Tumor
ATAGGAATCTAAGCTT-1,Tumor
ATAGGCGGCTATAGAA-1,
ATAGGCTAGCTTCGCA-1,Tumor
ATAGGGATATCCTTGA-1,Tumor
ATAGGTTGGGCAGATG-1,Tumor
ATAGTCTTTGACGTGC-1,Tumor
ATAGTGAAGCGTTCTC-1,Tumor
ATAGTTCCACCCACTC-1,Tumor
ATATAAAGCGCTCGTG-1,Tumor
ATATAAATGTAGCTGC-1,Tumor
ATATACATGTATGGTA-1,
ATATCAACCTACAGAG-1,Tumor
ATATCGGTAGGGAGAT-1,Tumor
ATATCGTGCCAGACCC-1,Tumor
ATATCGTTCCTCGAAC-1,Tumor
ATATCTCCCTCGTTAA-1,Tumor
ATATCTTAGGGCCTTC-1,Tumor
ATATGTCTCCCTAGCC-1,Tumor
ATATGTGCACAAACCA-1,Tumor
ATATTCAGTTAAACCT-1,
ATATTCCACATAGTGA-1,Tumor
ATATTCCCACAGGTCA-1,Tumor
ATATTGCTGTCAAAGT-1,Tumor
ATATTGGAGAGGCCTT-1,
ATATTTAACCCTCAAG-1,Tumor
ATCAAACACTGTTCCA-1,Tumor
ATCAAACGAAGGTTTG-1,
ATCAATCTGGGCTGCA-1,Tumor
ATCACATTAGAATATC-1,Tumor
ATCACGTGCTAATTAA-1,
ATCACTTCATCCTCGC-1,Tumor
ATCAGACGGCACGCCG-1,Tumor
ATCAGCCTCATGCTGC-1,Tumor
ATCAGCTCGTCCACTA-1,
ATCAGGTAGCTGACAG-1,Tumor
ATCAGGTCGCCATTGC-1,Tumor
ATCAGTAGGCAGGGAT-1,Tumor
ATCATCCAATATTTGT-1,Tumor
ATCATCTGCCCAGTGT-1,Tumor
ATCATGGACTACCGAC-1,Tumor
ATCCAACGCAGTCATA-1,Tumor
ATCCAATGGAGGGTCC-1,
ATCCAATGGTACCGAA-1,
ATCCACGCTAAATGTT-1,Tumor
ATCCACTTTCAGACTA-1,Tumor
ATCCAGAGCAACAACC-1,Tumor
ATCCAGGATTCGTGAA-1,Tumor
ATCCTACCTAAGCTCT-1,Tumor
ATCCTGAATCGCTGCG-1,
ATCCTGCGTGGAATGG-1,Tumor
ATCCTGCTGCAGATAG-1,Tumor
ATCCTTCTGAAAGAAC-1,
ATCGACCCAATACAGA-1,Tumor
ATCGACTCTTTCCGTT-1,Tumor
ATCGCACGCCGGGAGA-1,Tumor
ATCGCCAGTCAACATT-1,Tumor
ATCGCTGCGTGCAGCA-1,Tumor
ATCGCTTTACGTCTCA-1,Tumor
ATCGGAGACAGACGGC-1,Tumor
ATCGGCAAGCAGTCCA-1,Tumor
ATCGGTTACCTAGTAA-1,
ATCGTTAGCTAGCGGA-1,Tumor
ATCGTTCACTTTCGCC-1,Tumor
ATCTAATATCCTACGG-1,Tumor
ATCTCCCTGCAATCTA-1,Tumor
ATCTCGTGAGCGAAAC-1,Tumor
ATCTGATAGTGTCTTA-1,Tumor
ATCTGCACCTCTGCGA-1,Tumor
ATCTGGTTAAGACTGT-1,Tumor
ATCTGTAATTGTACCC-1,Tumor
ATCTTGACCTGCAACG-1,Tumor
ATCTTGACTTGTCCAA-1,Tumor
ATCTTTCGTATAACCA-1,Tumor
ATGAAGCCAAGGAGCC-1,Tumor
ATGAAGTGGACCCAGC-1,
ATGACGCCGGCTCTAA-1,Tumor
ATGACGCGTTCTATCC-1,
ATGACTATCAGCTGTG-1,
ATGACTATGCGACATT-1,Tumor
ATGAGGAGTGTTAATC-1,Tumor
ATGAGGGCAGCGGCTA-1,Tumor
ATGATCGGGAATAGAC-1,Tumor
ATGATGCAATGGTACA-1,Tumor
ATGCACTACCGCATTG-1,Tumor
ATGCATGATCCAGGAT-1,Tumor
ATGCATTCCGTGATGG-1,Tumor
ATGCCAATCGCTCTGC-1,Tumor
ATGCCATTTGCGACCA-1,Tumor
ATGCCGGTCTTGCATA-1,Tumor
ATGCCGGTTGATGGGA-1,Tumor
ATGCGACAATTGGTCC-1,Tumor
ATGCGACAGTCCCATT-1,Tumor
ATGCGAGTCCCACCAC-1,Tumor
ATGCTCAGTGTTGCAT-1,Tumor
ATGCTTAGGAGTTGAT-1,Tumor
ATGGAAATTTAAGGAG-1,
ATGGAACCTTTGCACA-1,Tumor
ATGGAGCAGGCCGTGA-1,Tumor
ATGGATCCGGCGTCCG-1,Tumor
ATGGATTGACCAAACG-1,Tumor
ATGGCAGCCGAGAAAC-1,
ATGGCGGAATAGTCGC-1,Tumor
ATGGCTGGAAATGGCC-1,Tumor
ATGGGAACGGAAGCGG-1,Tumor
ATGGGCCTCGGCCTCT-1,Tumor
ATGGTCGCGTGGTTTC-1,Tumor
ATGGTGCTCAAAGCCA-1,Tumor
ATGGTTACGAAACATG-1,Tumor
ATGTAAGGCTGCTCTT-1,Tumor
ATGTGAAAGCCTAATG-1,
ATGTGCATCCGACGCA-1,Tumor
ATGTGGACATCTTGAT-1,Tumor
ATGTGTAGTTTAGTCA-1,Tumor
ATGTTACGAGCAATAC-1,Tumor
ATGTTCGTCGACCCAC-1,
ATGTTTCGGCCCGGAG-1,Tumor
ATGTTTGTAAGATCAT-1,Tumor
ATTAAACATGCGGACC-1,Tumor
ATTAATACTACGCGGG-1,Tumor
ATTAATGAACCAGTCG-1,Tumor
ATTAATTCGGTCACTC-1,Tumor
ATTACAACTACCGGCC-1,Tumor
ATTACATGTCAGTCTT-1,Tumor
ATTACCACACTGCCTG-1,Tumor
ATTACGACTCCACAGT-1,Tumor
ATTACGCGCTGGCAGG-1,
ATTACTAGCCTCTTGC-1,Tumor
ATTACTTACTGGGCAT-1,Tumor
ATTAGATTCCTCAGCA-1,Tumor
ATTAGATTGATAGCGG-1,Tumor
ATTAGGCGATGCTTTC-1,Tumor
ATTATACTTTGCTCGT-1,Tumor
ATTATAGCTACTTTAC-1,Tumor
ATTATCTCGACAGATC-1,Tumor
ATTATGCCATAGGGAG-1,Tumor
ATTATTATGTCCGTCA-1,
ATTCAACCATTTAAGG-1,Tumor
ATTCACTGATGTTGGA-1,Tumor
ATTCAGGACCTATTTC-1,Tumor
ATTCAGGATCGCCTCT-1,Tumor
ATTCAGTAGCAGGGTC-1,
ATTCATATACTGTCCA-1,Tumor
ATTCCCACATAAACAA-1,
ATTCCTAAGACGTGGA-1,Tumor
ATTCCTCCGCCAGTGC-1,Tumor
ATTCCTTCCAGGCGGT-1,Tumor
ATTCGACGCCGGGCCT-1,
ATTCGCAGAGGACACT-1,Tumor
ATTCGTGCTATCTCTT-1,Tumor
ATTCTCGTCTCTTTAG-1,Tumor
ATTCTGAGTATGAACT-1,Tumor
ATTCTTCGTACTTATG-1,Tumor
ATTGAAGATCTTAGTG-1,Tumor
ATTGACCGGCGATGAC-1,Tumor
ATTGACGTAACTCGGT-1,Tumor
ATTGATAGCAACGAGA-1,Tumor
ATTGATCACCACATTT-1,
ATTGATGAGTCCTAAC-1,Tumor
ATTGCGATCAGTAACT-1,Tumor
ATTGCTGCTCCTCCAT-1,Tumor
ATTGGATTACAGCGTA-1,Tumor
ATTGGGAATATCTTGG-1,Tumor
ATTGGGAGTTCTGTAA-1,Tumor
ATTGTACAACTCGGCT-1,Tumor
ATTGTCGCAATACCTT-1,Tumor
ATTGTGACTTCGCTGC-1,Tumor
ATTGTTCAACGATCCG-1,
ATTTAACTCGTATTAC-1,Tumor
ATTTACAGTTTACTGG-1,Tumor
ATTTACTAAGTCCATT-1,Tumor
ATTTCATTATTTCGCG-1,Tumor
ATTTCCGGGTTCTGCG-1,
ATTTGCCTAGTTACGA-1,Tumor
ATTTGCGCGAGTAGCT-1,
ATTTGTCTTGGGAGCT-1,Tumor
ATTTGTTCCAGGGCTC-1,Tumor
CAAACGAGTATCGCAG-1,Tumor
CAAACGGTCGCACTTT-1,Tumor
CAAACGTGGTCTTGCG-1,Tumor
CAAACTACGATAGAGA-1,Tumor
CAAACTATTGAGCTTC-1,Tumor
CAAACTCGCGACGCCG-1,Tumor
CAAAGATTATTGGGCC-1,
CAAAGGTCATCTGAAA-1,Tumor
CAAAGGTTAAATTCAG-1,Tumor
CAAATCTCTCACAAGG-1,
CAAATGCGGAGTGTTC-1,Tumor
CAAATGTCCTTCCGTG-1,Tumor
CAAATTGGATTATGCC-1,Tumor
CAAATTGTCAGCAAGC-1,Tumor
CAACACATCTCCTGCC-1,Tumor
CAACAGAATAACGCTA-1,Tumor
CAACCAGTGGCCTACC-1,
CAACCTGAACCTGCCA-1,Tumor
CAACGACCCGTTTACA-1,Tumor
CAACGGTTCTTGATAC-1,Tumor
CAACGTGGTGGAGTCT-1,Tumor
CAACTATATCGAATGC-1,Tumor
CAACTCCAACGTTTAG-1,Tumor
CAACTCCGTAACTTGC-1,Tumor
CAACTCCTTGATCCCG-1,Tumor
CAACTGAGGGTATGAC-1,Tumor
CAACTGCTCATCCGAT-1,
CAACTTGTAGTGGGCA-1,Tumor
CAAGAAACCCTAAACT-1,Tumor
CAAGACTCAGAAGCGC-1,Tumor
CAAGAGGGCGGAGTAC-1,Tumor
CAAGATATTATAACGT-1,Tumor
CAAGCAACGTCGGAGT-1,Tumor
CAAGCACCAAATGCCT-1,Tumor
CAAGCGGCACATAATT-1,Tumor
CAAGGATCGCATGTTC-1,Tumor
CAAGGTCCTATAGGCT-1,Tumor
CAAGTGAACTTTGGTT-1,Tumor
CAAGTGTGGTTGCAAA-1,Tumor
CAATAAACCTTGGCCC-1,Tumor
CAATACGAGAGTCTGA-1,Tumor
CAATACGCTCTGAGGC-1,
CAATATGTAGATTTAC-1,Tumor
CAATATTCTTGACCTA-1,
CAATATTGGACTAGTG-1,Tumor
CAATCCCTATACCAGC-1,Tumor
CAATCCTGCCGTGGAG-1,Tumor
CAATGAGGTTCGACTA-1,Tumor
CAATGCGAGAAGTATC-1,Tumor
CAATGGAATCTACATA-1,Tumor
CAATGGATCTCTACCA-1,Tumor
CAATGGTCGGCCTGGG-1,Tumor
CAATGTGCCAACCCTT-1,Tumor
CAATTAAGGGTGATGA-1,Tumor
CAATTTCGTATAAGGG-1,Tumor
CACAAGAAAGATATTA-1,Tumor
CACAATGAGCTGCTAT-1,Tumor
CACACACGCTAACGAG-1,Tumor
CACACAGCTTGCGCTC-1,Tumor
CACACAGGGATAGATT-1,Tumor
CACACGCGCTGTCTTA-1,Tumor
CACACGTTTCAATGGG-1,Tumor
CACACTTGTATTGCGA-1,Tumor
CACAGCACCCACGGCA-1,Tumor
CACAGCTAGGGAGTGA-1,Tumor
CACAGGGCCATATAGT-1,Tumor
CACAGTTCGCTTCCCA-1,Tumor
CACATATTAGCAGGAT-1,Tumor
CACATCTCACCGACGA-1,Tumor
CACATGATTCAGCAAC-1,Tumor
CACATGTTTGGACATG-1,Tumor
CACATTCTTTCGATGG-1,Tumor
CACATTTCTTGTCAGA-1,Tumor
CACCAATCATCCGTCT-1,
CACCACGCCACACAGA-1,
CACCATCGGAGGAGAC-1,Tumor
CACCATGATCGCAAAG-1,Tumor
CACCCAAATCTTATGT-1,Tumor
CACCCACACGTCACCC-1,Tumor
CACCCACGAGGCAATT-1,Tumor
CACCCGGTTTGTGACT-1,
CACCCTAACAAGATCT-1,Tumor
CACCCTTGGTGAGACC-1,
CACCCTTTCCTCGCTC-1,Tumor
CACCGATACACCGAGC-1,Tumor
CACCGCCAGAAGGTTT-1,Tumor
CACCGCCGACCAGCGA-1,Tumor
CACCGCGTCCACTCTA-1,Tumor
CACCGGAGATATCTCC-1,Tumor
CACCGTATCCCATCCG-1,Tumor
CACCGTTAGGGATCAC-1,
CACCGTTGCGCGATAT-1,
CACCTAATAGAGTCGT-1,Tumor
CACCTAATCAGTTTAC-1,Tumor
CACCTCGATGGTGGAC-1,Tumor
CACCTTGCGAAACTCG-1,Tumor
CACCTTGGCGCCTTTG-1,Tumor
CACGAAAGTTAGTCCC-1,
CACGACCACAGACTTT-1,Tumor
CACGACGTAATAGTAA-1,Tumor
CACGACTAAAGTTCTG-1,Tumor
CACGATTGGTCGTTAA-1,Tumor
CACGCACAGCGCAGCT-1,Tumor
CACGCAGCGAGGCTTT-1,Tumor
CACGCGGAACTGTTGC-1,Tumor
CACGGACGTGGATGGC-1,Tumor
CACGGCGCGCCAAAGG-1,Tumor
CACGGGATTGAGGGTT-1,
CACGTCAATCAATGGA-1,
CACGTCGGCAACCTCT-1,
CACGTCTATGATGTGG-1,Tumor
CACGTTCGTGCTCTAG-1,Tumor
CACGTTTCGTACACAC-1,Tumor
CACTAAAGTTGCCTAT-1,Tumor
CACTACGGGAGCTGCC-1,Tumor
CACTACTCAGTTCTGT-1,Tumor
CACTCAAGAGCTATGG-1,Tumor
CACTCAGCTCTTGAGG-1,Tumor
CACTCCTATGTAAGAT-1,
CACTCCTCTCGGTCGG-1,Tumor
CACTCGAGCTGAACAA-1,Tumor
CACTCGGTTAGGAGGA-1,
CACTCTTCTGCTAGCC-1,Tumor
CACTGTCCAAGTGAGA-1,Tumor
CACTTAATCAGACGGA-1,Tumor
CACTTCGCCACAGGCT-1,Tumor
CACTTCGTCTTATCTC-1,Tumor
CAGAACTTAGCCCTCT-1,Tumor
CAGAATAACACACGGA-1,Tumor
CAGAATATTCGTTATC-1,
CAGACACCGATCGCTG-1,
CAGACCTGTAAGTGTT-1,Tumor
CAGACGAACCTGATAC-1,
CAGAGACGGTCACCCA-1,Tumor
CAGAGCATGAGCTTGC-1,Tumor
CAGAGGCGATGCATGA-1,
CAGAGTGATTTAACGT-1,Tumor
CAGATACTAACATAGT-1,Tumor
CAGATCATTTAAAGTC-1,Tumor
CAGATCCTGGTTTGAA-1,
CAGATGTTTGTCCCAA-1,
CAGCAGCCCGTTCCTT-1,Tumor
CAGCAGTCCAGACTAT-1,Tumor
CAGCCCTCACAGGCAG-1,Tumor
CAGCCGGGCCCTCTAT-1,Tumor
CAGCCTCCTGCAGAGG-1,Tumor
CAGCCTCTCCTCAAGA-1,Tumor
CAGCGATTCCCTTCAA-1,
CAGCGCCAACACGATA-1,
CAGCTCACTGAGACAT-1,Tumor
CAGCTCGACAAGTTAA-1,Tumor
CAGCTCGTGCTTGTGT-1,Tumor
CAGCTGGCGTAACCGT-1,
CAGCTTAGTAGGTAGC-1,
CAGGAAGACTTTATAT-1,Tumor
CAGGACAGCTGCCCTT-1,Tumor
CAGGATATATCGTTGT-1,Tumor
CAGGATCCGCCCGACC-1,Tumor
CAGGCCGTTTGGGTGT-1,Tumor
CAGGCGCACGGTGGTC-1,
CAGGCGCCATGCTAGG-1,Tumor
CAGGTTTAGTACTACA-1,Tumor
CAGTAACTATTTATTG-1,Tumor
CAGTAATCCCTCCCAG-1,Tumor
CAGTACATTCTCTAAA-1,Tumor
CAGTACCAGTTTACGT-1,
CAGTAGCCCACGCGGT-1,Tumor
CAGTAGCGAGGTAGTA-1,Tumor
CAGTCCAACGCCTTCT-1,Tumor
CAGTCGAGGATGCAAT-1,Tumor
CAGTCGGCCTAGATAT-1,
CAGTCTCTCGGCTAAT-1,Tumor
CAGTCTGTATACTGGG-1,Tumor
CAGTGAATAAATGACT-1,Tumor
CAGTGGTTGCACATGA-1,Tumor
CAGTGTCCGCAGAATG-1,Tumor
CAGTGTCGGCTGGCCC-1,Tumor
CAGTTCAAATTGACAC-1,Tumor
CAGTTCCGCGGGTCGA-1,Tumor
CATAACGGACAGTCGT-1,Tumor
CATAAGAAGCTTGGCT-1,Tumor
CATAAGCTCTCCGTCT-1,
CATAATGAGCGGGCGA-1,Tumor
CATACAAAGCCGAACC-1,Tumor
CATACACGGTTCCCAC-1,
CATACCCGTACCCAGT-1,
CATACGGCGTCTGGGC-1,Tumor
CATACTATGTAATTGT-1,Tumor
CATACTTAGGCAATAC-1,Tumor
CATAGCGTTGCCCACC-1,
CATAGTACATTGAGAG-1,Tumor
CATAGTAGCATAGTAG-1,Tumor
CATAGTCCACAAGAAC-1,
CATATACTACTGATAA-1,Tumor
CATATAGGTACAGTCA-1,Tumor
CATATGTCAGGCTACG-1,
CATATTATTTGCCCTA-1,Tumor
CATCAAACTGGCGCCC-1,Tumor
CATCATCTACCCGGAC-1,Tumor
CATCATTACCCTGAGG-1,Tumor
CATCCGCAGGCCCGAA-1,Tumor
CATCCTCTCAAAGATC-1,Tumor
CATCGCCCGCGGCCAA-1,Tumor
CATCGGACGGGTTAAT-1,Tumor
CATCGTCCGGTTACTA-1,
CATCTACCCGAGAACG-1,Tumor
CATCTAGTGAAGGGAA-1,Tumor
CATCTATCCCGTGTCT-1,Tumor
CATCTGCAGGATCATT-1,
CATCTTACACCACCTC-1,Tumor
CATGAACCGACATTTG-1,Tumor
CATGAACCTCTTATCA-1,Tumor
CATGACTTCGCTGAAT-1,Tumor
CATGATGCACAATTCT-1,Tumor
CATGATGGAAGTTAGC-1,Tumor
CATGCACGTGTTACTG-1,Tumor
CATGCATGGAGACCCT-1,Tumor
CATGCCAACTCGCAAA-1,
CATGCGACCAGTTTAA-1,Tumor
CATGCGTTAGACAGAA-1,Tumor
CATGCTGGCTCCAATT-1,Tumor
CATGGAAATGGGACCA-1,Tumor
CATGGATTGTCTTCCG-1,Tumor
CATGGCAGGAAGATCG-1,Tumor
CATGGGTATGCCTTAT-1,Tumor
CATGGGTCGGGTGTGG-1,Tumor
CATGGTAAGTAGCGTT-1,Tumor
CATGGTCTAGATACCG-1,Tumor
CATGTAAGAGACATTT-1,Tumor
CATGTAGGAGCGCCAA-1,Tumor
CATGTCTCATTTATGG-1,Tumor
CATTACATAGATTGTG-1,Tumor
CATTACGTCGGCCCGT-1,Tumor
CATTATAACAGGGTCC-1,Tumor
CATTATGCTTGTTGTG-1,Tumor
CATTCACTGACAGCTA-1,Tumor
CATTCCCATTCCGTCG-1,Tumor
CATTCCCTAAGTACAA-1,Tumor
CATTCGTCGTAGCGGT-1,
CATTGATGAACACGCC-1,Tumor
CATTGCAAAGCATAAT-1,Tumor
CATTGCGAAATGGGCG-1,
CATTGCGGGTCAATTC-1,Tumor
CATTGTGTGCTAGATC-1,Tumor
CATTTAGCGGACCATG-1,Tumor
CATTTATCGTTCAAGA-1,Tumor
CATTTCTAGCAGACTA-1,Tumor
CATTTGAGTGGTACGT-1,
CCAAACAGAACCCTCG-1,Tumor
CCAAAGTCCCGCTAAC-1,Tumor
CCAAATAACAAGATTC-1,Tumor
CCAACGATGCACTGAT-1,Tumor
CCAACGCTTGCCAGGG-1,Tumor
CCAACTTGATAGATCC-1,Tumor
CCAAGAAAGTGGGCGA-1,
CCAAGACTTCTGCGAA-1,Tumor
CCAAGCGTAACTCGTA-1,Tumor
CCAAGGAACAGAGAGG-1,Tumor
CCAATAGTGCCGTCGA-1,Tumor
CCAATCGGTAGATCGA-1,Tumor
CCAATGTCACAGCAAG-1,Tumor
CCAATTACGGGTCGAG-1,Tumor
CCAATTGAATGTTAAT-1,Tumor
CCACAATGTACGTCTT-1,Tumor
CCACACTGAGATATTA-1,Tumor
CCACAGCTGAAATCAT-1,Tumor
CCACAGTACCCATCCT-1,Tumor
CCACATACTGCACCCA-1,Tumor
CCACATGGCTCTTTAT-1,
CCACCAACTTTACTGT-1,
CCACCCAAGGAAAGTG-1,Tumor
CCACCTGTATGGAATA-1,
CCACGAATTTAACCTC-1,Tumor
CCACGAGAAGAGAATC-1,Tumor
CCACGGAGCCATAAGA-1,
CCACGGTGCCCGGTAG-1,Tumor
CCACGTAAATTAGACT-1,Tumor
CCACTATCCGGGTCAC-1,Tumor
CCACTGGTGGCTGGTT-1,
CCACTGTTTGGATTAA-1,Tumor
CCAGAAAGCAACTCAT-1,
CCAGAGACAAAGCCGG-1,
CCAGATAGTTGAGTGA-1,Tumor
CCAGATGTAAATGGGT-1,Tumor
CCAGCCTGGACCAATA-1,Tumor
CCAGCGGGATCACCAG-1,Tumor
CCAGCTACGCCTCATA-1,Tumor
CCAGCTGATGGTACTT-1,
CCAGGCTGGCGTCTGA-1,
CCAGGGACGTGGCCTC-1,Tumor
CCAGTAGTCTGATCCA-1,Tumor
CCAGTCAAATCTCTTA-1,
CCAGTCCATTATTCGA-1,Tumor
CCAGTCTAGACGGCGC-1,Tumor
CCAGTCTTGTCATAGA-1,
CCATAAACAACCCGAC-1,Tumor
CCATAACCTGTGCAGT-1,
CCATACCTTTACTTGT-1,Tumor
CCATAGGTTGGCGTGG-1,Tumor
CCATAGTCAGTAACCC-1,Tumor
CCATATGGAAACTATA-1,Tumor
CCATCCATACCAAGTC-1,Tumor
CCATCGCAGTTAAACT-1,Tumor
CCATCTCACCAGTGAA-1,Tumor
CCATCTTGTTCACAAT-1,Tumor
CCATGCCCTAGATTTC-1,Tumor
CCATGCCTGTTTAGTA-1,Tumor
CCATGCTCTGCAGGAA-1,Tumor
CCATGGCCCTTGTACC-1,
CCATTAGCGATAATCC-1,Tumor
CCATTCCCTGCCCACA-1,Tumor
CCATTGTTTCCTCCAT-1,Tumor
CCATTTCTACCTATTA-1,Tumor
CCCAAACATGCTGCTC-1,Tumor
CCCAACATACGTCGCG-1,
CCCAACCACACTAACA-1,Tumor
CCCAAGAATGCACGGT-1,Tumor
CCCAAGACAGAGTATG-1,Tumor
CCCAATGAGATTTGCA-1,
CCCAATTTCACAACTT-1,Tumor
CCCACTCCACGGTATC-1,
CCCAGAGGAGGGCGTA-1,Tumor
CCCAGGTCTGAAGGCT-1,Tumor
CCCAGTAAACTTGGGA-1,
CCCAGTTAAGGCGCCG-1,Tumor
CCCGAAGTTTCGCGAA-1,
CCCGACCATAGTCCGC-1,Tumor
CCCGAGTTTCTCCGTA-1,Tumor
CCCGATAGCCTCGCCT-1,Tumor
CCCGCAGCGCGAACTA-1,Tumor
CCCGCAGGGCCCAAAG-1,Tumor
CCCGCCATGCTCCCGT-1,Tumor
CCCGCGCAATGCACCC-1,Tumor
CCCGCTTGCCCTCGTC-1,Tumor
CCCGGTGGAAGAACCT-1,
CCCGGTGTATCGGAAT-1,
CCCGTAAGTCTAGGCC-1,
CCCGTAGCTGGGAAGA-1,
CCCGTCAGCGTCTGAC-1,Tumor
CCCGTGAGGGCGGTGA-1,
CCCGTTTCGCAGATGT-1,Tumor
CCCTAGGCAACAAGAG-1,
CCCTAGTGTCAGGTGT-1,Tumor
CCCTCATTCTGGAATT-1,Tumor
CCCTCCTCGCTCGTAT-1,Tumor
CCCTCGGGAGCCTTGT-1,Tumor
CCCTGAAATGAGTTGA-1,Tumor
CCCTGACTAACAAATT-1,
CCCTGATGTAACTCGT-1,Tumor
CCCTGCCCAATCCGCT-1,
CCCTGCGCTACGCATA-1,
CCCTGGCTGTTCCTTC-1,
CCCTGGTATGGGCGGC-1,Tumor
CCCTTCTCGTACGCGA-1,Tumor
CCCTTTGACAGGTCTT-1,Tumor
CCGAAAGTGGTGAGCA-1,Tumor
CCGAACACTGGGCCTC-1,
CCGAACCTTCCCGGCC-1,Tumor
CCGAAGGGCGTACCGC-1,Tumor
CCGAAGTATATTGTTC-1,Tumor
CCGACAAACACATGAG-1,Tumor
CCGACAAAGGGAGTGC-1,
CCGACAATAGGCCGCC-1,Tumor
CCGACGGGCATGAGGT-1,
CCGACGTAAACACAAC-1,Tumor
CCGACTCGCATAGTCT-1,Tumor
CCGAGAAGTCGCATAA-1,Tumor
CCGAGCTGTGCTTGTC-1,Tumor
CCGAGGGATGTTAGGC-1,Tumor
CCGATATGACGTAAGG-1,
CCGATCTCAACCTTAT-1,Tumor
CCGATCTTAAGAGGCT-1,Tumor
CCGATTCGAGGGACCC-1,
CCGATTGGTCAATGAA-1,Tumor
CCGCACAAAGACCAAC-1,Tumor
CCGCACACGAACGTGT-1,Tumor
CCGCACGTGACCTCGG-1,
CCGCATGTGGTACGAT-1,Tumor
CCGCCACCACAATCCA-1,Tumor
CCGCCGGAACTTCTCG-1,
CCGCCGGTCAACACAC-1,Tumor
CCGCCGTTGAGGATAA-1,Tumor
CCGCCTGCGAATTGGT-1,Tumor
CCGCCTTGCGATGTCG-1,
CCGCGATTTGGTAGGT-1,
CCGCGGAATGCGTCAC-1,
CCGCGGGTACGAAGAA-1,
CCGCGTAGGTAAGGGC-1,
CCGCTATCAGCACCAG-1,Tumor
CCGCTGGTGCCATTCA-1,Tumor
CCGCTTACCTCACTCT-1,
CCGCTTCGCGGTTAAC-1,Tumor
CCGCTTGCTGACATGG-1,Tumor
CCGGAAGTTATCAGTC-1,
CCGGAATGGTTTCAGT-1,Tumor
CCGGAGCGTACTTTCT-1,
CCGGAGGTCTTATGGT-1,Tumor
CCGGCACGACCGTTTC-1,Tumor
CCGGCGCATATTGGAT-1,Tumor
CCGGCGTGAGACTCTG-1,
CCGGGACCCGCAGAGA-1,Tumor
CCGGGCGGTCTCGTCA-1,Tumor
CCGGGCTGCTCCATAC-1,Tumor
CCGGGTTCGAGGTTAC-1,Tumor
CCGGTAATGGCTAGTC-1,Tumor
CCGGTTTGTAATTGTG-1,
CCGTAAGTTGGTCCCA-1,Tumor
CCGTACCCAAGCGCCA-1,Tumor
CCGTATCTCGTCGTAG-1,
CCGTATTAGCGCAGTT-1,Tumor
CCGTGAGGCATTCATG-1,Tumor
CCGTGCCCATGACGGC-1,Tumor
CCGTGGAACGATCCAA-1,Tumor
CCGTGTTAAATTCCAT-1,
CCGTTACGTTAGAACA-1,Tumor
CCGTTCCGAATCTCGG-1,
CCTAAACAGGGTCCGT-1,Tumor
CCTAAAGGCTGACGCT-1,Tumor
CCTAAATTAACGGTTC-1,Tumor
CCTAAATTGTATCCTA-1,Tumor
CCTAACCCAAACAAGT-1,Tumor
CCTAACTAAGGCTCTA-1,Tumor
CCTACAAGTCCGGAAT-1,Tumor
CCTACATTCACAGACG-1,
CCTACGCGACCTTACA-1,Tumor
CCTACGGCTCAGTCGA-1,Tumor
CCTACTGCGGCGGCCA-1,Tumor
CCTACTGCTTACACTT-1,Tumor
CCTAGGCGTAGCGATC-1,Tumor
CCTAGGTAAAGGTAGC-1,
CCTAGTTAGTCGCATG-1,Tumor
CCTATAATGAGTGCCC-1,Tumor
CCTATACCGTCCTGTC-1,
CCTATATTTGTCCTGG-1,
CCTATCTATATCGGAA-1,Tumor
CCTATGAAGTGGTGCC-1,Tumor
CCTATGGGTTACCGTC-1,Tumor
CCTCAACGATCGCTGT-1,
CCTCACCAATCTTGAC-1,Tumor
CCTCACCTGAGGGAGC-1,Tumor
CCTCACCTTAGCATCG-1,Tumor
CCTCACGTCAGCTAAT-1,
CCTCATGCAGCTACGA-1,Tumor
CCTCCCGACAATCCCT-1,Tumor
CCTCCGACAATTCAAG-1,Tumor
CCTCCTGAGCCCACAT-1,
CCTCGAAGTGGACGGG-1,Tumor
CCTCGACCCACTGCCT-1,Tumor
CCTCGCCAGCAAATTA-1,Tumor
CCTCGCGCGATATAGG-1,Tumor
CCTCGCGCTGTGCGAT-1,
CCTCGGACCGGGATAG-1,Tumor
CCTCGGATGCTACCTG-1,
CCTCGTTACGCCTGTT-1,Tumor
CCTCTAATCTGCCAAG-1,Tumor
CCTCTATCGATTAGCA-1,
CCTCTCTCCCATCTAG-1,Tumor
CCTCTGGCCTAGACGG-1,Tumor
CCTCTGTACTATTCTA-1,Tumor
CCTGAACGATATATTC-1,Tumor
CCTGAATATTTACATA-1,Tumor
CCTGACCACCGATGGT-1,Tumor
CCTGACGCAACCTTTA-1,Tumor
CCTGCCCGTTGTCTAG-1,
CCTGCGATAGAACTGT-1,Tumor
CCTGCGTTCTACGCTT-1,
CCTGCTATTTGAGAAG-1,Tumor
CCTGGAAACGTTCTGC-1,Tumor
CCTGGCTAGACCCGCC-1,Tumor
CCTGTAAGACATGATA-1,Tumor
CCTGTACTCACGCCCA-1,
CCTGTCACCCGGGCTC-1,Tumor
CCTGTCCCTCACGTTA-1,Tumor
CCTGTCGCCCGTAAAT-1,Tumor
CCTGTGAAACCGTAAC-1,
CCTGTGCGGATTGTAA-1,Tumor
CCTGTTTGAAGACACG-1,Tumor
CCTTCAGTTAAAGTGA-1,
CCTTCTCAGCGTTCCT-1,
CCTTCTTGATCCAGTG-1,Tumor
CCTTGACCACTTTATT-1,Tumor
CCTTTAAGGGAGCACT-1,
CCTTTCAATGAAGAAA-1,Tumor
CGAAACATAGATGGCA-1,Tumor
CGAAACGCAATTCATG-1,
CGAACAGTATGGGCGT-1,Tumor
CGAACATAGTCAGAAA-1,Tumor
CGAACCCGCATGCGTC-1,
CGAACGCCCAGTGCCG-1,Tumor
CGAACGGCCGGACAAC-1,
CGAAGACGGTGAGTGC-1,
CGAAGACTGCCCGGGA-1,Tumor
CGAAGCTATAAATTCA-1,Tumor
CGAAGTTGCTCTGTGT-1,Tumor
CGAATGACGCATAATG-1,
CGAATTACATGGTGTT-1,Tumor
CGACAATTTGATCTAA-1,Tumor
CGACACCGCTTAAGGA-1,Tumor
CGACACGCTCCGACAG-1,Tumor
CGACAGTTCGCGTTAT-1,Tumor
CGACATGCGATCTTCT-1,Tumor
CGACCCTTAACGCCGG-1,
CGACCTACTAGACAAT-1,
CGACGCATCCGTACCT-1,
CGACTCAGGATGTTAT-1,Tumor
CGACTCGGTACACGGT-1,Tumor
CGACTTTGTATAGCCT-1,Tumor
CGAGACCCTAGAGTGT-1,Tumor
CGAGAGATGTGAACCT-1,Tumor
CGAGAGCGCGTAGATA-1,
CGAGAGGGTAGCCGCG-1,Tumor
CGAGATTTCGCTCGGG-1,Tumor
CGAGCACTTCAAGTTT-1,Tumor
CGAGCGTTGATCAGCC-1,Tumor
CGAGCTGGGCTTTAGG-1,Tumor
CGAGGAGCTTCCATAT-1,Tumor
CGAGGATCGGGAACGA-1,Tumor
CGAGGCCAGGCATTGG-1,Tumor
CGAGGCTAAATATGGC-1,Tumor
CGAGGGACTGCGGTCG-1,Tumor
CGAGTACTAAAGAGGA-1,
CGAGTGAAGGTACCAG-1,
CGAGTGCTATAGTTCG-1,Tumor
CGAGTTCTGTCCCACC-1,Tumor
CGAGTTTATCGGACTG-1,Tumor
CGATAATACTCAGGTT-1,Tumor
CGATACCTCGCGGACA-1,Tumor
CGATATTAGCCGCAGG-1,Tumor
CGATCATTAGAGGCAC-1,Tumor
CGATCCGACCCAGTGC-1,Tumor
CGATCTGTTGGAGGAC-1,
CGATGGACCCTACGCC-1,Tumor
CGATTAAATATCTCCT-1,Tumor
CGATTCGCCTGGCTGC-1,Tumor
CGCAAACACGAGTTAC-1,
CGCAATTACTTTCGGT-1,Tumor
CGCAATTAGGGTAATA-1,Tumor
CGCAATTCTACAATAA-1,Tumor
CGCACATGTCCACTAC-1,Tumor
CGCACGTGCGCTATCA-1,Tumor
CGCAGAAACATTTGCG-1,Tumor
CGCAGATCTTCACCCG-1,Tumor
CGCAGGCGATCCAAAC-1,Tumor
CGCATCATGGCTTCAG-1,Tumor
CGCATCCATCAGCCAG-1,Tumor
CGCATGGTGCGATGCT-1,Tumor
CGCATTAGCTAATAGG-1,Tumor
CGCCAAGAAGCCGAGT-1,
CGCCACAGGTCGCGAT-1,
CGCCATCCGATTATGA-1,Tumor
CGCCCAGCACGCCTAG-1,
CGCCCGCTTCCGTACA-1,Tumor
CGCCCTTGAAGGCTGA-1,
CGCCGACTATTCGCTA-1,
CGCCGCCCATGCCTGT-1,Tumor
CGCCGGTGTCGCAGTA-1,
CGCCGTCTACCCATCG-1,Tumor
CGCCGTTCAGCATAGT-1,Tumor
CGCCTCCCTCCTCTAT-1,Tumor
CGCCTGGCCTACGTAA-1,
CGCCTTTAGCATGCTC-1,Tumor
CGCGACACTGCGCAGC-1,
CGCGAGAGGGACTTGT-1,Tumor
CGCGAGTCTGCCGGGT-1,
CGCGCAAATGTCCAGA-1,
CGCGCAAGGAACTACA-1,Tumor
CGCGCATGTTTGATTG-1,Tumor
CGCGCCCGACTTAATA-1,Tumor
CGCGGCAGTATTACGG-1,Tumor
CGCGGCTCAACTTGAA-1,Tumor
CGCGGGAATTAGGCAG-1,Tumor
CGCGGTAAGTCTAGCT-1,Tumor
CGCGGTACGGTATACA-1,
CGCGGTCACAAACCAA-1,Tumor
CGCGTACATTCTGGAA-1,Tumor
CGCGTCATATTAAACC-1,Tumor
CGCGTTCATGAAATAC-1,Tumor
CGCTACCGCCCTATGA-1,Tumor
CGCTACGGGACATTTA-1,Tumor
CGCTAGAGACCGCTGC-1,Tumor
CGCTATACCGCCCACT-1,Tumor
CGCTATTCAATGTATG-1,Tumor
CGCTATTCTTAGGCTC-1,Tumor
CGCTCGACATAATGAT-1,Tumor
CGCTCTCCGTAGATTA-1,Tumor
CGCTGAGGACGTCCAA-1,Tumor
CGCTGGTGACTACCCT-1,Tumor
CGCTGTGACGCCGCAC-1,Tumor
CGCTGTGTGGATGTTG-1,
CGCTTATTCCCGGTCG-1,
CGCTTCCACTGAAATC-1,Tumor
CGCTTTCATACCGGTG-1,Tumor
CGCTTTCTTGCATTCG-1,Tumor
CGGAAAGAATCAAACG-1,
CGGAAATTTCACATCC-1,Tumor
CGGAACGTAAACATAG-1,Tumor
CGGACGTTACTTGAAG-1,
CGGAGCAATTTAATCG-1,Tumor
CGGAGCATGGCGATCC-1,Tumor
CGGAGCTTATAACACC-1,Tumor
CGGAGTTTGAGAGACA-1,Tumor
CGGATAAGCGGACATG-1,Tumor
CGGCAAACATCGTGCG-1,Tumor
CGGCAATAAGATCGCC-1,Tumor
CGGCACCGTTAGCGCC-1,Tumor
CGGCACTCAAGAAAGT-1,Tumor
CGGCAGGGTCGGGTTG-1,Tumor
CGGCCACGCACAAAGT-1,Tumor
CGGCCCAACCTGTAGT-1,Tumor
CGGCCCAGGTATATCC-1,Tumor
CGGCGCCATCAATCCC-1,
CGGCTCTAAAGCTGCA-1,Tumor
CGGCTCTTCGTCGAAC-1,Tumor
CGGCTGCAAGATTAAG-1,Tumor
CGGCTTTGTATGATAA-1,Tumor
CGGGAATATAGTATAC-1,Tumor
CGGGAATTTATGTAAA-1,Tumor
CGGGAGCTTCAGTGTA-1,Tumor
CGGGAGTATACCGCCG-1,Tumor
CGGGATCAATGTAAGA-1,Tumor
CGGGCAGCTAAACCGC-1,Tumor
CGGGCCATAGCCGCAC-1,Tumor
CGGGCCTTCTTTGTAA-1,Tumor
CGGGTGTACCCATTTA-1,Tumor
CGGGTTCGGCACGTAT-1,Tumor
CGGGTTTGTTAGGGCT-1,
CGGTACGGCAAACCCA-1,
CGGTACTAGAATCAAA-1,Tumor
CGGTAGAGGTGCAGGT-1,Tumor
CGGTATAGGTATTAGC-1,Tumor
CGGTCAAGTGGGAACC-1,Tumor
CGGTCAGTCCATATTT-1,
CGGTCCATGAGACTCC-1,Tumor
CGGTCCGTCGCAAGCC-1,
CGGTCTATCAACCCGT-1,Tumor
CGGTGAAGACTAAAGT-1,
CGGTGCAGATAGAACG-1,
CGGTGCGCGTTGGTCC-1,
CGGTGGGCTCCAGCCT-1,Tumor
CGGTGTACTTGATCCC-1,Tumor
CGGTTATCCAACAGTG-1,Tumor
CGGTTCAAGTAGGTGT-1,Tumor
CGGTTCCGGCTTCTTG-1,Tumor
CGGTTGACCTGGCATA-1,
CGGTTGGGTTCAAGTT-1,Tumor
CGGTTTATGAAGGAAC-1,Tumor
CGTAAACGCTTGAGTG-1,Tumor
CGTACCTGATAGGCCT-1,Tumor
CGTAGCGAATTGTCAG-1,Tumor
CGTAGCGCCGACGTTG-1,Tumor
CGTATTAAGAGATCTA-1,Tumor
CGTATTGTTTCCTAAT-1,Tumor
CGTCAAATGGTCGCAG-1,Tumor
CGTCAAGGCTATAAAT-1,
CGTCACGTCCATTGGT-1,Tumor
CGTCAGCTATTTACTC-1,
CGTCAGTGCGCACAAG-1,Tumor
CGTCAGTTTATCGTCT-1,Tumor
CGTCATACCATATCCA-1,Tumor
CGTCGCGGCGGGATTT-1,Tumor
CGTCGGATAGTGTTGA-1,Tumor
CGTCGGGTCTAAGCGC-1,
CGTCGTCCTTCGCGAA-1,Tumor
CGTCTGGAAGGGCCCG-1,Tumor
CGTCTTGAGTGTGACG-1,Tumor
CGTGAAGTTAATTCAC-1,Tumor
CGTGACATTGGGTCGT-1,Tumor
CGTGACCAGTCCTCTG-1,
CGTGCAGACTGGGACA-1,Tumor
CGTGCATTGTCGACGC-1,
CGTGCCCGACATTTGT-1,Tumor
CGTGCCCTCCCGAAGA-1,Tumor
CGTGCTGGCCTAGTCG-1,Tumor
CGTGGAAGCCTCGTAC-1,Tumor
CGTGGCCGAATATCTA-1,Tumor
CGTGTCCCATTCGCGA-1,
CGTGTCTCGTTACGAC-1,
CGTGTGTTAAACCCTG-1,Tumor
CGTTAAACTAGTTAGG-1,Tumor
CGTTAATGTCCCGACG-1,Tumor
CGTTAGCTCACAACTG-1,Tumor
CGTTATCATACTTCCA-1,
CGTTCATGGTGCGCGT-1,
CGTTCTTCGCACACCT-1,Tumor
CGTTGAATACCGCGCT-1,Tumor
CGTTGAGCGACCGTCG-1,Tumor
CGTTGAGTAATTGCGT-1,Tumor
CGTTGTAAACGTCAGG-1,
CGTTGTAAGATTGATT-1,Tumor
CGTTGTTTCAATTCCC-1,Tumor
CGTTTAAGCGGAGCAC-1,Tumor
CGTTTACAAGGCAGCT-1,Tumor
CGTTTCACTTCGGGCG-1,Tumor
CGTTTCGCTCATTACA-1,Tumor
CGTTTGGTGTTGTGGG-1,
CGTTTGTGTAGAGGGT-1,
CTAAACGGGTGTAATC-1,Tumor
CTAAAGAATGCCTACT-1,Tumor
CTAAAGGGAAATAGGA-1,Tumor
CTAAATCCGGTGTACA-1,
CTAAATCCTATTCCGG-1,Tumor
CTAACCGCGCGCCCGT-1,Tumor
CTAACGAAACTTGCTG-1,Tumor
CTAACTGATAATCGCC-1,Tumor
CTAACTGGTCCGGTTC-1,
CTAAGGGAATGATTGG-1,Tumor
CTAAGTACAGGGCTAC-1,Tumor
CTAATTATGAAGCGTA-1,Tumor
CTAATTCTCAGATATT-1,Tumor
CTAATTTCAACAACAC-1,Tumor
CTACAAGAAATAACCC-1,
CTACACTAGCTTGTTC-1,Tumor
CTACACTCGCAGATGG-1,Tumor
CTACCCTAAGGTCATA-1,Tumor
CTACGAACTAGGTCGA-1,Tumor
CTACGACTAGCTATAA-1,
CTACGCACGGAGTACC-1,Tumor
CTACGCCATTTCCGAT-1,Tumor
CTACGTGTTGCCACCA-1,Tumor
CTACTATCATAGGTTT-1,
CTACTATCTTTCAGAG-1,Tumor
CTACTCAAGGTATAGT-1,
CTACTCTAGGCCCGGC-1,
CTACTGCCACCTGACC-1,Tumor
CTAGACATATATGTAG-1,Tumor
CTAGACTGCATTTCGT-1,Tumor
CTAGATAAACTCCTCG-1,Tumor
CTAGATGTGAGTGTAA-1,Tumor
CTAGATTTACGACGGC-1,Tumor
CTAGCATAGTATAATG-1,Tumor
CTAGCCACAGGCGAGC-1,
CTAGCCGATGTTATGA-1,Tumor
CTAGCTTAATGGTCCC-1,Tumor
CTAGGCGCCCTATCAG-1,Tumor
CTAGGCGGCAGAGAAT-1,Tumor
CTAGGTCTGAAGGAAT-1,Tumor
CTAGGTTCGGACGTGA-1,Tumor
CTAGTATTCGGAATTA-1,Tumor
CTAGTCACGTCTTAAG-1,Tumor
CTAGTGAAGGACAGGA-1,Tumor
CTAGTTACAACCCGGT-1,Tumor
CTAGTTGGGCCCGGTA-1,Tumor
CTATAAGAGCCAATCG-1,Tumor
CTATCGACGAAATACA-1,Tumor
CTATCGCGTAGAGAAC-1,
CTATCGGGTCTCAACA-1,Tumor
CTATGCCCGAATGCAA-1,
CTATGGGAAGCGGAAT-1,Tumor
CTATGTCACTAGCCCA-1,Tumor
CTATGTCTATTGAAAC-1,Tumor
CTATGTGAGTCACGGC-1,
CTATTCATGTGTCCCA-1,Tumor
CTATTGTGTTTGGTCA-1,Tumor
CTATTTGGTTACGGAT-1,Tumor
CTCAAGACATTAGCGC-1,Tumor
CTCACACGCAAGCCTA-1,Tumor
CTCACCGATCCAAACT-1,Tumor
CTCACTTGGCTGGTAA-1,
CTCAGATTGTGATAAG-1,
CTCAGGACTCACCTGT-1,Tumor
CTCAGTCACGACAAAT-1,Tumor
CTCATCACTTAGTGAT-1,Tumor
CTCATGGCTCACAATC-1,Tumor
CTCATGGTAATTTGCG-1,
CTCATTAACGTTGCCC-1,Tumor
CTCATTCGTGAACATC-1,
CTCATTTGATGGGCGG-1,Tumor
CTCCCAATGAGTCGCG-1,Tumor
CTCCCTCCTTTCGATC-1,
CTCCGCCCACATGAGG-1,
CTCCGGCCTAATATGC-1,Tumor
CTCCGGCTTGTAGACA-1,Tumor
CTCCTAAGTTATGTCT-1,Tumor
CTCCTCCAGCTCACAC-1,
CTCCTGTTCAAGGCAG-1,
CTCCTTTACGCAAGTC-1,Tumor
CTCGAATGGAACGTAT-1,Tumor
CTCGAGACATACGATA-1,
CTCGAGATCCAAAGCA-1,Tumor
CTCGAGGTCGAACAGT-1,Tumor
CTCGATATTTGCGAGC-1,Tumor
CTCGCACCTATATAGT-1,Tumor
CTCGCCGAATGTAGGG-1,
CTCGGGATAACACCTA-1,Tumor
CTCGGTACCACTGCTC-1,Tumor
CTCGGTCCGTAGCCTG-1,Tumor
CTCGGTTGTCGGCCCT-1,
CTCGTTTCTAATGTTT-1,Tumor
CTCTAATGCATTGATC-1,Tumor
CTCTACACTGGCGATT-1,
CTCTATTTGGCTGCAG-1,Tumor
CTCTCACAATCGATGA-1,Tumor
CTCTCGATGTGCGCCT-1,Tumor
CTCTCGCTGTACTATG-1,
CTCTCTAACTGCCTAG-1,
CTCTGCGAAGCAAGCA-1,Tumor
CTCTGGACGCCTGGTG-1,Tumor
CTCTGTGCCTGCTATG-1,Tumor
CTCTGTTTGAGGATTC-1,Tumor
CTCTTCTATTGACTGG-1,Tumor
CTCTTGTCCCGCTTGG-1,Tumor
CTGAAACGGCCCTCAG-1,Tumor
CTGAAAGAGATCCGAC-1,Tumor
CTGAATCCGAGACCTC-1,Tumor
CTGAATTTATTGCCAG-1,Tumor
CTGACATAGAAATAGA-1,Tumor
CTGACTGCGCAGCTCG-1,Tumor
CTGAGAAAGTTCGGCG-1,Tumor
CTGAGCAAGTAACAAG-1,Tumor
CTGAGCGAGACTTATT-1,Tumor
CTGATAGTGTATCTCA-1,
CTGCAAATGGGCTCCA-1,
CTGCACAACTACATAT-1,Tumor
CTGCACCTAGTCCACA-1,Tumor
CTGCACCTGGAACCGC-1,Tumor
CTGCACTCCAGTACAG-1,Tumor
CTGCCAAGGTTGGAAG-1,Tumor
CTGCCATGCATCACAT-1,Tumor
CTGCCCACGAAGCGTT-1,
CTGCCTAGCCACCAAG-1,Tumor
CTGCCTCATATGCAAC-1,Tumor
CTGCGGGTGAAATGTT-1,
CTGCGGTAGTCACGTG-1,Tumor
CTGCGTTACGATATAA-1,Tumor
CTGCTGAGGCCACGAA-1,
CTGCTGTCTAACGAGC-1,Tumor
CTGCTTGGCGATAGCT-1,Tumor
CTGCTTTATGTCCGCG-1,Tumor
CTGGAAATGGATGCTT-1,Tumor
CTGGAAGACACGGTGG-1,Tumor
CTGGACGCAGTCCGGC-1,
CTGGATTTACACTTGA-1,Tumor
CTGGCATCCGAATGAG-1,
CTGGCGACATAAGTCC-1,Tumor
CTGGCGCACAGGTCTG-1,Tumor
CTGGCGGGAATAAGTA-1,Tumor
CTGGCTCCTGCGGGAT-1,Tumor
CTGGCTGATTCATCCT-1,Tumor
CTGGCTGCTAACGTAA-1,Tumor
CTGGCTGGTTGTCAGT-1,Tumor
CTGGGATAAATAATGG-1,Tumor
CTGGGATACGCTACCC-1,Tumor
CTGGGATCGCCCAGAT-1,Tumor
CTGGGCACTAGTCGGA-1,Tumor
CTGGGCCTGCTATATC-1,
CTGGGCGGCCAAATGT-1,Tumor
CTGGGCTATCCTTTGG-1,Tumor
CTGGGTAGGCAGTTAA-1,Tumor
CTGGGTTGAGTTAAAG-1,
CTGGTAAAGTGTGGGC-1,
CTGGTAACACATAGAA-1,Tumor
CTGGTAACGAGCTCTT-1,Tumor
CTGGTCATTCCAATCC-1,
CTGGTCCTAACTTGGC-1,Tumor
CTGGTTCAACGCATCA-1,Tumor
CTGGTTCGCGAGCTAC-1,Tumor
CTGGTTTCGAGCAAGA-1,Tumor
CTGTACTTCTTAGCAT-1,Tumor
CTGTAGCCATCTCACT-1,
CTGTATGGTGTAGAAA-1,Tumor
CTGTCAAATGGCTCGG-1,Tumor
CTGTCACGCCAGGCGC-1,Tumor
CTGTGCAGGGTAGGTC-1,Tumor
CTGTGGTCGGGAGATA-1,Tumor
CTGTTACCCAATCTAG-1,Tumor
CTGTTCACTGCCTGTG-1,Tumor
CTGTTCATCTCACGGG-1,Tumor
CTTAAATAAGACCCAT-1,
CTTAACTTCGAAGTAC-1,Tumor
CTTAAGCAGCGAGCCG-1,
CTTACACGGTATTCCA-1,Tumor
CTTACACTGGGAAATA-1,Tumor
CTTAGCCCGGATAGTG-1,
CTTAGCCTTCCACATG-1,Tumor
CTTAGGTCCCAATCGT-1,Tumor
CTTAGTAGGCCTACAG-1,Tumor
CTTATAGATGGCTGTT-1,
CTTATGCGCTCAGGGC-1,
CTTATGTTGACTACCA-1,Tumor
CTTCAGTGGTCGCCTA-1,
CTTCATAGCTCAAGAA-1,Tumor
CTTCATTGTCAGTGGA-1,Tumor
CTTCCGCTCCGTGAAG-1,
CTTCCTGCATATTTAC-1,Tumor
CTTCGGCCAATTGTTT-1,Tumor
CTTCGTAGATAGGTGA-1,Tumor
CTTCTATGTTGAAGTA-1,
CTTCTATTAATGCTAG-1,
CTTCTTACGTCGTATA-1,Tumor
CTTGACCCGAAAGATA-1,Tumor
CTTGAGGTTATCCCGA-1,Tumor
CTTGAGTTAGGGTAAT-1,Tumor
CTTGCAACCGCCTCCT-1,
CTTGCCCAGGCTCTAC-1,Tumor
CTTGGCCAAGCTGGGA-1,
CTTGTACTTGTTGACT-1,Tumor
CTTGTCAACATTCGAG-1,Tumor
CTTGTCGTACGTGTCA-1,Tumor
CTTGTGAGTCTTTGAC-1,Tumor
CTTGTGCTCACCGATT-1,Tumor
CTTGTTGCTGAGTCAA-1,Tumor
CTTGTTTATGTAGCCA-1,Tumor
CTTTAACTTTCAAAGG-1,Tumor
CTTTAATATTGGTCGA-1,Tumor
CTTTACCGAATAGTAG-1,Tumor
CTTTAGGAACACTGTT-1,Tumor
CTTTAGTGCTATTATT-1,Tumor
CTTTCTGTGCGGGCTT-1,Tumor
CTTTGACGTCGCTTCT-1,
CTTTGCTGTCATGGAT-1,Tumor
CTTTGGCAGACAGAGT-1,Tumor
CTTTGGCGCTTTATAC-1,
CTTTGGCTTTAGTAAA-1,Tumor
CTTTGGGATTGTTGCA-1,
GAAACAGATGACCACC-1,Tumor
GAAACAGCCATGCAGT-1,Tumor
GAAACCATGGTGCGCT-1,Tumor
GAAACCGAATTACCTT-1,Tumor
GAAACCTATACAAATG-1,
GAAACTCTAATGAAGG-1,Tumor
GAAAGAACAGCGTTAT-1,Tumor
GAAAGCAGTGCACTTT-1,
GAAAGCCCTTTGGACC-1,
GAAAGTGACTAACTGC-1,Tumor
GAAATACCTGCTGGCT-1,Tumor
GAAATACTAAACGTTT-1,Tumor
GAAATATCACCATCAG-1,
GAAATATGCTTGAATG-1,Tumor
GAAATCGCGCGCAACT-1,Tumor
GAAATGGCGGTGTTAG-1,Tumor
GAAATGGGATGTAAAC-1,Tumor
GAAATTAGCACGGATA-1,Tumor
GAAATTCACATCGCTG-1,Tumor
GAAATTGTCTCTATAA-1,Tumor
GAACACACATCAACCA-1,Tumor
GAACAGATTACTAAAT-1,Tumor
GAACATTAGTATGTTA-1,Tumor
GAACCATCTGGGAGAC-1,Tumor
GAACCTCGACCTACAC-1,
GAACGACCGAATGATA-1,Tumor
GAACGATAAGTTAAAG-1,Tumor
GAACGCGGGTCACACG-1,Tumor
GAACGGTGTAAAGCAG-1,Tumor
GAACGTCTCATGGTCG-1,Tumor
GAACGTTAGGAAGACG-1,
GAACTTAGCGCCCGGT-1,Tumor
GAACTTGTGCACGGGA-1,Tumor
GAAGAAACGATATTGT-1,
GAAGAACGGTGCAGGT-1,Tumor
GAAGACTTCAATGCCG-1,Tumor
GAAGCAAGGCAATGTT-1,Tumor
GAAGCCTGCACATTCC-1,
GAAGCGTGAGGAATTT-1,Tumor
GAAGCTCGGACCCGTC-1,
GAAGCTTGCTGACCGC-1,
GAAGGCTACCATTGTT-1,Tumor
GAAGTCAGTTGCACTA-1,Tumor
GAAGTCTCCCTAGCGA-1,Tumor
GAAGTGATTTATCGTG-1,Tumor
GAAGTGCTGGATAGCT-1,Tumor
GAAGTTTCCACTCAAT-1,Tumor
GAATAGACGCGACCCA-1,Tumor
GAATAGCATTTAGGGT-1,Tumor
GAATAGCCCTGCGGTC-1,Tumor
GAATATTCGGAGTCCC-1,Tumor
GAATCGACATGGTCAC-1,Tumor
GAATCGCCGGACACGG-1,Tumor
GAATCTATACTCGGAC-1,Tumor
GAATCTGAACATTCTC-1,Tumor
GAATGAAGGTCTTCAG-1,Tumor
GAATGCCGAAATGACC-1,
GAATGGGCTTATCGAC-1,
GAATGTATGGCAGGTC-1,Tumor
GAATGTGGTCCGGATT-1,Tumor
GAATGTTGGGTAATCT-1,Tumor
GAATTATAGTGAAAGG-1,Tumor
GAATTCACCCGGGTGT-1,Tumor
GACAAACATATGCAGG-1,Tumor
GACAACGACCATTGAA-1,Tumor
GACAACGCAGCTTACG-1,Tumor
GACAAGAGATGAGATT-1,
GACACAAGGGAAGAAA-1,Tumor
GACACGAGTTAGAGGA-1,Tumor
GACACTGAGTTCAGTG-1,Tumor
GACACTGGAACCCGAT-1,Tumor
GACAGATTTCTGGCTC-1,
GACAGCCAGACCTGAC-1,Tumor
GACAGGCACACACTAT-1,
GACATACTGTCGCAGA-1,
GACATCGATTTATAAC-1,
GACCAAACGTTGACTG-1,Tumor
GACCAGAGCCCTGTAG-1,Tumor
GACCAGGTCATTCATA-1,Tumor
GACCCAATTATGATAC-1,
GACCCGTCGCCGGCTA-1,Tumor
GACCGACGTGAAAGCA-1,Tumor
GACCGACTGAAGCGTC-1,
GACCGCGTCTGACGTG-1,Tumor
GACCGTCAGGTCGTGA-1,Tumor
GACCGTGCTGACGGTG-1,Tumor
GACCGTTACATGCGAC-1,
GACGACGATCCGCGTT-1,Tumor
GACGAGGCTAATAAAC-1,Tumor
GACGCCGTAAAGGCTA-1,
GACGCCTGTTGCAGGG-1,Tumor
GACGCTTGCTTCTAAA-1,Tumor
GACGGACCGCGTTCCT-1,Tumor
GACGGGTTGGCCCGTA-1,
GACGGTCAATAGAAGC-1,Tumor
GACGGTCCTAGGGTGT-1,Tumor
GACGTGAGACTCCATG-1,Tumor
GACGTTCGTAAATACA-1,Tumor
GACTAACACAGCACCT-1,Tumor
GACTAAGATCATGCAC-1,Tumor
GACTAAGTAGGCTCAC-1,Tumor
GACTACAAAGCGGTGG-1,
GACTACAATTGCTCGT-1,Tumor
GACTCACCCACGTGAG-1,Tumor
GACTCCCAGAATAAGG-1,Tumor
GACTCCTTCCAATTGA-1,
GACTCGCGGGAATGAC-1,Tumor
GACTCGGTCGGCGGAT-1,Tumor
GACTGATTGGTCACAA-1,Tumor
GACTGCACCAGCCCAG-1,Tumor
GACTGCGGCACGTGTA-1,
GACTGGGCGCCGCAAC-1,Tumor
GAGAATCTCACGATCA-1,
GAGACCCTGCAACGCC-1,Tumor
GAGACTGATGGGTAGA-1,Tumor
GAGACTTCGCGACCGA-1,Tumor
GAGAGCGCAGTCCCTG-1,
GAGAGGGCGCGAGGTT-1,Tumor
GAGAGGTGCATTCTGG-1,
GAGATCTGCTTGGCAT-1,Tumor
GAGATCTGTCACTCCG-1,Tumor
GAGATCTTCCATGACA-1,Tumor
GAGATGACAATCCTTA-1,Tumor
GAGATGGGAGTCGACA-1,Tumor
GAGCACGGCGCCTCTT-1,Tumor
GAGCATCATCCCTGGG-1,Tumor
GAGCCACGGTAGTAGG-1,Tumor
GAGCCAGCTACCTGTG-1,Tumor
GAGCCGAGCGTTTATT-1,Tumor
GAGCGAGGGAGTACCG-1,Tumor
GAGCGCAAATACTCCG-1,Tumor
GAGCGCGCACGAGTAG-1,Tumor
GAGCTAAGGGCATATC-1,Tumor
GAGCTCTCGGACCTAA-1,Tumor
GAGCTGTCGTCTCGGA-1,Tumor
GAGGAATGGAGAGGTT-1,
GAGGAGTAATTCCTAC-1,Tumor
GAGGATAAACAGTGCT-1,Tumor
GAGGCATTTGCAGCAG-1,Tumor
GAGGCCCGACTCCGCA-1,
GAGGCTATCAAAGTCG-1,
GAGGGCATCGCGTATC-1,Tumor
GAGGGCCATAATATTA-1,Tumor
GAGGGCGCAGCTCTGC-1,Tumor
GAGGTACATCCATCTT-1,Tumor
GAGGTCCCAAAGATCT-1,Tumor
GAGGTCTTAGTGGGTC-1,Tumor
GAGTAAACCGGAAAGT-1,Tumor
GAGTAAGGCCACGGGA-1,
GAGTACGGGTATACAA-1,Tumor
GAGTATCAAAGTTACA-1,
GAGTATGCCCGCCTTG-1,
GAGTCAGACCAGAATC-1,
GAGTCCGCTTACCGGA-1,Tumor
GAGTCGACAGACCCTC-1,
GAGTCTTGTAAAGGAC-1,
GAGTGCACGGACAACA-1,Tumor
GAGTGTGCGGTACCCA-1,Tumor
GAGTTGATGGCAATTT-1,
GATAAATCGGTGGATG-1,Tumor
GATAACTCGCACTGTG-1,Tumor
GATAAGGCAGATGCAA-1,Tumor
GATACCGTGTCGGAGT-1,Tumor
GATACGATGGGAGTCA-1,Tumor
GATAGGATTAATTACA-1,Tumor
GATAGGTAACGTTGAC-1,Tumor
GATAGGTGTCCCGGGC-1,Tumor
GATATCTCATGCAATA-1,Tumor
GATATGAGACACTAAC-1,Tumor
GATATGCGGTAGCCAA-1,Tumor
GATATTGAGATTGGCG-1,Tumor
GATATTTCCTACATGG-1,Tumor
GATCATTCCAAACATT-1,Tumor
GATCCCTTTATACTGC-1,Tumor
GATCCGAATATAAGTG-1,Tumor
GATCCGGGAATTAACA-1,Tumor
GATCCTAAATCGGGAC-1,Tumor
GATCCTCGACACTGGC-1,
GATCCTCTTGCGCTTA-1,Tumor
GATCGACACTATCTGA-1,Tumor
GATCGCGGGCTCTCCA-1,Tumor
GATCGCTACCCGATTT-1,Tumor
GATCGGATAGAACCAT-1,
GATCGGCGATAAGTCG-1,
GATCGGTGGCCATAAC-1,Tumor
GATCGTGACTGATATC-1,Tumor
GATCTAACCGTATTCA-1,
GATCTCGACGCTGTGG-1,Tumor
GATCTGCTATCTAAGG-1,
GATCTTCATTGTCCTC-1,
GATCTTGGAGGGCATA-1,Tumor
GATCTTTGCAGGGTAT-1,Tumor
GATCTTTGCTCAAAGA-1,Tumor
GATGACAAGTAGGGCA-1,
GATGACGATGATCGCG-1,Tumor
GATGCCAGCAGAAGGC-1,
GATGCGAATGGTATTA-1,
GATGCGTCCTGCATTC-1,Tumor
GATGCTACAAGCGCCT-1,Tumor
GATGCTGTATTTCATC-1,Tumor
GATGGCGCACACATTA-1,Tumor
GATGGTGAAATAACCC-1,Tumor
GATGGTGCCCTAGGCA-1,Tumor
GATGTAACGAACCACC-1,
GATGTCCGGATCACAT-1,Tumor
GATGTCGGTCAACTGC-1,Tumor
GATGTGTTGTCACAAG-1,Tumor
GATGTTCAATCCACGA-1,Tumor
GATGTTTGTGCGAGAT-1,Tumor
GATTAACCGAAAGCCC-1,Tumor
GATTAATCCTGGCTCA-1,Tumor
GATTACTGAATTTGGG-1,Tumor
GATTCCCTTGTCGCAG-1,Tumor
GATTCCGCGTTTCCGT-1,Tumor
GATTCCTATACGGCGC-1,
GATTCGACGGTTCACG-1,Tumor
GATTGACACTCTGCTC-1,Tumor
GATTTAGTGCGTACTG-1,Tumor
GCAAACCCTACATTAT-1,Tumor
GCAAACCTTGGCCATA-1,Tumor
GCAAACGTCGCCAGGT-1,Tumor
GCAAATATTACGCTTT-1,Tumor
GCAAATGAGGACACTT-1,
GCAACACACTAGAACT-1,
GCAACAGCAGTATGCG-1,Tumor
GCAACCACCAGACCGG-1,Tumor
GCAACCACGGCCGCGT-1,
GCAACCCAAGTTGTTT-1,
GCAACGGCTAGTTATG-1,Tumor
GCAAGAATTCCTTGGC-1,
GCAAGATGTGTTCGCG-1,Tumor
GCAAGCTGGAAACCGC-1,
GCAAGTGCACAGAGAA-1,Tumor
GCAATTAGTCGCACCG-1,Tumor
GCACAAACGAGGCGTG-1,Tumor
GCACAAGTGTCGGAAG-1,Tumor
GCACACACTGGTAGCC-1,Tumor
GCACACGCCCATGGTC-1,
GCACGCCTACTTAGAT-1,
GCACTAGTCGCGCTAT-1,Tumor
GCACTCCCACAGTCCC-1,Tumor
GCACTGTGCAAATGTA-1,Tumor
GCAGAAACGTAATCCA-1,Tumor
GCAGAAGGTAATCTCC-1,Tumor
GCAGACCCAGCACGTA-1,Tumor
GCAGATCCATAAGACT-1,Tumor
GCAGATCCTCGCAAAT-1,
GCAGATTAGGGATATC-1,Tumor
GCAGCACACAGCCCAG-1,Tumor
GCAGCCTATATCACAT-1,Tumor
GCAGCGGTGGGCATTA-1,Tumor
GCAGCTATGGACAGGT-1,Tumor
GCAGGAACTTAGATCT-1,
GCAGGACTATAGAATA-1,Tumor
GCAGGTAGAGTATGGT-1,Tumor
GCAGTGCGGGCGGATG-1,
GCAGTTCGATCCGAGC-1,
GCATAAATTGAACGCC-1,
GCATACGAGGTCTTTA-1,
GCATAGAGCACTCAGG-1,Tumor
GCATCCCTAACTTTGA-1,Tumor
GCATCGGCCGTGTAGG-1,Tumor
GCATGAGGGACGCGGC-1,Tumor
GCATGGGTACTGACGC-1,
GCATTCAAGGCAACGC-1,Tumor
GCATTGACTTGCGGAA-1,
GCATTGTAATTCATAT-1,
GCATTTCCAAGGCTCC-1,Tumor
GCCAACCATTTCCGGA-1,Tumor
GCCAAGAATACTTCTG-1,
GCCAATAGGGCATCTC-1,Tumor
GCCACAATTTAAGGAC-1,
GCCACTCAGAGCGCGA-1,
GCCACTCCTTACGGTA-1,
GCCAGGAGTAACCGAT-1,Tumor
GCCAGGCGTTCGCATG-1,Tumor
GCCATATTGCACACAG-1,Tumor
GCCATCGAGCTGCGTG-1,
GCCATCGATGCTGCAT-1,Tumor
GCCATTAGCCTCAAAC-1,
GCCCACCAAGGCTGTC-1,Tumor
GCCCAGATGCTGGAGA-1,Tumor
GCCCAGTTGGTATGCC-1,Tumor
GCCCGACTTCTTCCCG-1,
GCCCGATCTGTGGTCG-1,Tumor
GCCCGCGCGTAAACGG-1,
GCCCGCGCGTTTGACA-1,Tumor
GCCCGTAATACCTTCT-1,Tumor
GCCCTAGCCGTCGCGA-1,
GCCGAAATTCCTACGT-1,Tumor
GCCGATTGGCCAAGCT-1,Tumor
GCCGCACTCCGTTTCA-1,Tumor
GCCGCATTAGTCCGGC-1,
GCCGCTAGATACGCAG-1,Tumor
GCCGCTTGTGAGAAAC-1,Tumor
GCCGGAAACACATCTT-1,Tumor
GCCGGGTTAGGGTCGC-1,Tumor
GCCGTGGAAGAAATGT-1,Tumor
GCCTAGCGATCTGACC-1,Tumor
GCCTATAGTGTCAGGG-1,Tumor
GCCTATGCTGGGCCTT-1,Tumor
GCCTATTCCGATATAG-1,Tumor
GCCTATTTGCTACACA-1,Tumor
GCCTCATCTGGAAATA-1,Tumor
GCCTCTATACATAGCA-1,Tumor
GCCTGCTACACTGAGA-1,Tumor
GCCTTCAGCCCTACCG-1,Tumor
GCCTTGTATATGCAGT-1,Tumor
GCGAAACGATCGGGAG-1,Tumor
GCGAAACTTAACTGGA-1,Tumor
GCGAAGCCATACCCGT-1,Tumor
GCGACATGTAAACATC-1,Tumor
GCGACGATAGTTGTAC-1,Tumor
GCGAGAAACGGGAGTT-1,Tumor
GCGAGAGGCCATGTAA-1,Tumor
GCGAGAGTTGCGTCCA-1,Tumor
GCGAGCGCATGCTCCC-1,Tumor
GCGAGGCCCGAGCAGA-1,Tumor
GCGAGTTCTGCAAAGA-1,Tumor
GCGATTCTGGAAGCAG-1,Tumor
GCGATTGTTAACGTTA-1,Tumor
GCGCAAATATATTCAA-1,
GCGCAAGAGCGCGCTG-1,Tumor
GCGCATCCAGTCAGCA-1,Tumor
GCGCCGTTCCACGATA-1,Tumor
GCGCCTCCCACTCCGA-1,Tumor
GCGCGATGGGTCAAGT-1,Tumor
GCGCGTCATTGGTACA-1,Tumor
GCGCTAAGTATGCATG-1,Tumor
GCGCTAATTGAATAGA-1,Tumor
GCGCTATGCCGAGGCA-1,Tumor
GCGCTCGATCACCTGT-1,Tumor
GCGCTGATCCAGACTC-1,Tumor
GCGCTGCTTTGCATTT-1,Tumor
GCGCTTAAATAATTGG-1,Tumor
GCGGACCGCGTTGTGG-1,
GCGGAGAAACTTCGCA-1,
GCGGAGAGGGAGAACG-1,Tumor
GCGGCTCTGACGTACC-1,Tumor
GCGGGAACCAGGCCCT-1,Tumor
GCGGGCATTACGATGC-1,Tumor
GCGGGCGAGCCTTACC-1,
GCGGTAACCCAAATGA-1,Tumor
GCGGTCCCGGTGAAGG-1,Tumor
GCGGTCCCTAGACGCA-1,Tumor
GCGGTGAACTGCGCTC-1,Tumor
GCGGTTCCCTATCATG-1,Tumor
GCGTAAATGGCCATAA-1,Tumor
GCGTCCAGCTCGTGGC-1,Tumor
GCGTCGAAATGTCGGT-1,Tumor
GCGTCGCCAGGGTGAT-1,Tumor
GCGTCTAACCTCCTAA-1,Tumor
GCGTCTCTGCATTGGG-1,Tumor
GCGTGGTACTGGGTTA-1,Tumor
GCGTGTATGTCGTATT-1,Tumor
GCGTTATATTTGGAAC-1,
GCGTTCGGAGACCGGG-1,Tumor
GCGTTCTGACTAAGCG-1,
GCTAAACCTGAGGTGA-1,Tumor
GCTAACTGAAGTCTGA-1,Tumor
GCTAAGTAAAGGCGAT-1,
GCTAAGTAGTTTCTCT-1,Tumor
GCTAATACCGAATGCC-1,Tumor
GCTACAGTACGGACCG-1,
GCTACGACTTATTGGG-1,Tumor
GCTACTATAGTAGAGT-1,Tumor
GCTAGACCGTCTACTG-1,Tumor
GCTAGAGTAGAGATGT-1,Tumor
GCTAGCACCTGGGCCA-1,Tumor
GCTAGCAGGGAGTGGG-1,Tumor
GCTAGCTTGAATAGCT-1,
GCTAGGCACCACGGAG-1,Tumor
GCTAGTAGAGCTTGTA-1,Tumor
GCTAGTTTCATTGAGG-1,Tumor
GCTATACGTCTCGGAC-1,Tumor
GCTATCATACTCATGG-1,Tumor
GCTATCGCGGCGCAAC-1,Tumor
GCTATGCCAGCTTATG-1,
GCTCAATCCGTTTATT-1,
GCTCAATGTAATACCG-1,
GCTCATTACTGCATGT-1,Tumor
GCTCCATGAGTGCAGA-1,
GCTCCCAGTCGGTCCA-1,Tumor
GCTCCGCTCGCTTCAG-1,Tumor
GCTCCGGACGTTGATA-1,Tumor
GCTCCTGACATACTGG-1,
GCTCGCGGTTCCGCTC-1,
GCTCGCTCATGTCCAA-1,Tumor
GCTCGGAATTTAAAGC-1,Tumor
GCTCTAAACCCTGACG-1,Tumor
GCTCTATGTTACGTGC-1,Tumor
GCTCTCGGGTACCGAA-1,Tumor
GCTCTTTCCGCTAGTG-1,
GCTGAACTCTCCAGGG-1,Tumor
GCTGAGGCGTGAGTAT-1,Tumor
GCTGCACGGTTTCTTA-1,Tumor
GCTGCTAAGTAGTCGA-1,
GCTGCTACTGCGTAGC-1,Tumor
GCTGCTCTCCGGACAC-1,Tumor
GCTGGACCCAAAGTGG-1,Tumor
GCTGGCATATTCACCT-1,Tumor
GCTGGCGGCGCATGCT-1,Tumor
GCTGGTGACTCGTAGT-1,Tumor
GCTGTATTACTGGCCC-1,
GCTGTCTGTGATCGAC-1,Tumor
GCTGTTGCTACCGAAC-1,Tumor
GCTTAATGTAACTAAC-1,Tumor
GCTTACGTAGTTAGTA-1,Tumor
GCTTAGGGAAGCGGTA-1,Tumor
GCTTATGAAGCAGGAA-1,Tumor
GCTTCAGTGGGATTAC-1,Tumor
GCTTCCGTCCCTAGAC-1,Tumor
GCTTGATGATAATCAG-1,Tumor
GCTTGCAGCACAATTG-1,Tumor
GCTTGGATCGATTAGG-1,Tumor
GCTTTCAGAGGAGGTG-1,Tumor
GCTTTCTATCTCAACT-1,Tumor
GGAAACCTTGTTGAAT-1,Tumor
GGAAAGTGCCCATGCC-1,Tumor
GGAACCCGAACAAGAA-1,
GGAACCGTGTAAATTG-1,
GGAACGGCCTGCAGCC-1,
GGAAGATAAGACTGTA-1,Tumor
GGAAGCTCGCTTACAG-1,Tumor
GGAATAACCTCAAGAA-1,Tumor
GGAATGCGCTAGCGTG-1,Tumor
GGACAAGTTGCAGTGA-1,
GGACACAAGTTTACAC-1,Tumor
GGACCAACAGGATAAC-1,Tumor
GGACCTACGGTAACGT-1,Tumor
GGACCTCTAGGCCGCC-1,
GGACGGCTTGCGCAAC-1,Tumor
GGACGTCCATAGTTGG-1,Tumor
GGACTAAGTCAGGAGT-1,
GGACTCACAAATTAGG-1,Tumor
GGACTCGAAGCTTTCA-1,
GGACTCTTCCGGTTGA-1,
GGAGAAGTCATTGGCA-1,Tumor
GGAGACCAATGTGCTT-1,Tumor
GGAGACCATCTACATA-1,
GGAGACGACACCTTTG-1,Tumor
GGAGCAACATTTCAAG-1,Tumor
GGAGCACCAAGAACTA-1,Tumor
GGAGGATTGAAAGGAG-1,Tumor
GGAGGCCGAAGTCGTC-1,Tumor
GGAGGCGAAGAACCGC-1,Tumor
GGAGGGCTTGGTTGGC-1,Tumor
GGAGTGCCGCCCTGGA-1,Tumor
GGATACTCATGAATTG-1,Tumor
GGATCAAAGGACGAGG-1,Tumor
GGATCAGAGCCATCAG-1,
GGATCATCCCGTACGC-1,Tumor
GGATCCGGAATATACT-1,Tumor
GGATCTTGACTCAACC-1,
GGATGAAGATCGCTGA-1,Tumor
GGATGACGCGAGTTTA-1,Tumor
GGATGCTGGCGTTCCT-1,
GGATGTCCTTACCGCA-1,Tumor
GGATTAAGCTAAGGTC-1,Tumor
GGATTCAGTACGGTGG-1,Tumor
GGATTCCGCTATACCC-1,Tumor
GGATTTCACTTCTATA-1,Tumor
GGCAAAGGCGCCAATA-1,
GGCAAATTACTTTACT-1,Tumor
GGCAAGCCAGGGATAG-1,Tumor
GGCAAGGCGAAATAGC-1,Tumor
GGCAATAGTCAATGAG-1,Tumor
GGCACTCAGCCGACCC-1,
GGCACTCCACTGGGCA-1,Tumor
GGCAGAGAGATCGGGA-1,
GGCAGCAAACCTATGC-1,Tumor
GGCAGCGGTAATCCTA-1,Tumor
GGCATACAGGTAGCGG-1,Tumor
GGCATATCGGTTCTGC-1,Tumor
GGCATCAACGAGCACG-1,Tumor
GGCCACAAGCGATGGC-1,Tumor
GGCCCAATCTAGAGGG-1,Tumor
GGCCCAGTTATCAGCA-1,Tumor
GGCCCGGAGCATGTCT-1,Tumor
GGCCCGTATACCATGC-1,Tumor
GGCCCTCACCCACTTA-1,
GGCCGTTTGGGTTTCA-1,
GGCCTTTGCAACTGGC-1,
GGCGAAATCTAACTTG-1,Tumor
GGCGAACCGTTCTGAT-1,Tumor
GGCGAGCGAAACGGCA-1,
GGCGCAGGACATCTTC-1,
GGCGCATGAATTGATG-1,Tumor
GGCGCGGAGATCTTTC-1,Tumor
GGCGCGTTCGAGTTTA-1,Tumor
GGCGCTCCTCATCAAT-1,Tumor
GGCGGAGTAATATTAG-1,Tumor
GGCGGGCTCTAAGAGT-1,
GGCGGTAGGATCATTG-1,Tumor
GGCGTACCCTATATAA-1,Tumor
GGCGTCCTATCCGCTG-1,Tumor
GGCTAAAGGGCGGGTC-1,Tumor
GGCTAATGATTGAAAT-1,Tumor
GGCTATTAAGTTGTAT-1,Tumor
GGCTCCTCCACCTGTT-1,
GGCTCGCGTTGAGGTA-1,Tumor
GGCTCGTGCCACCAGC-1,Tumor
GGCTCTGCTCCAACGC-1,Tumor
GGCTGAAATAGCAAAG-1,Tumor
GGCTGAGCATCGTAAG-1,Tumor
GGCTGGCTAGCTTAAA-1,Tumor
GGCTTTCAATAAGGGT-1,
GGGAACGGGAGGTTAG-1,Tumor
GGGAATGAGCCCTCAC-1,Tumor
GGGACAGAGTTACTCC-1,
GGGACCCGTATATCTT-1,
GGGACTGCATAGATAG-1,Tumor
GGGAGAACTCACAGTA-1,Tumor
GGGAGGATGCCCGAAA-1,Tumor
GGGAGTAATGGCTGGC-1,Tumor
GGGAGTTAATGAGGCG-1,Tumor
GGGATACGGTAATAAT-1,
GGGATCCCAATACAAA-1,Tumor
GGGATGGTCGTAACCG-1,
GGGATTTACCGCACCT-1,Tumor
GGGCAACCGCACGTGC-1,
GGGCAGACGTCACTGC-1,
GGGCAGAGCAATCGTT-1,
GGGCCCGTCTTAAACA-1,Tumor
GGGCCCTACGAAAGGG-1,
GGGCCCTTATCTATAC-1,
GGGCCGGCCGAAGTAC-1,Tumor
GGGCCTAAATGGGCTA-1,
GGGCCTATTTAAGTAT-1,Tumor
GGGCGATATGTGTGAA-1,Tumor
GGGCGCAGCGTTACTC-1,Tumor
GGGCGGCAAATGAATT-1,
GGGCGGGTTCCCTACG-1,
GGGCGGTCCTATTGTC-1,Tumor
GGGCGTACATTTATAT-1,Tumor
GGGCGTCACCACGTAA-1,Tumor
GGGCGTCCACTGGCTC-1,Tumor
GGGCTACTATTTCGTG-1,
GGGCTATGATCGATGG-1,
GGGCTCATCGAACCCA-1,Tumor
GGGCTGCCTAGGGCGA-1,Tumor
GGGCTGGTTAGTCGCG-1,Tumor
GGGTAATGCTGTGTTT-1,Tumor
GGGTACCCACGGTCCT-1,Tumor
GGGTACTTCATGAACT-1,Tumor
GGGTATGTATGCACTT-1,
GGGTATTCTAGCAAAC-1,
GGGTCACCGTGACGGT-1,Tumor
GGGTCACGTGCTTATG-1,Tumor
GGGTCATGCGTACCAT-1,
GGGTCGTGGCAAGTGT-1,Tumor
GGGTGACACCTTAACT-1,Tumor
GGGTGCATATGAAAGC-1,Tumor
GGGTGGTCCAGCCTGT-1,Tumor
GGGTGTTTCAGCTATG-1,Tumor
GGGTTAACATTTGAGT-1,
GGGTTCAGACGAACAA-1,Tumor
GGGTTTAGGATAGGAT-1,Tumor
GGTAAATGTGCGTTAC-1,Tumor
GGTAACCGGGAGGATA-1,
GGTAACTATGTATCTG-1,Tumor
GGTACAAACATGCTAT-1,Tumor
GGTACACCAGATTTAT-1,Tumor
GGTACATCTGGGACGA-1,
GGTACCATTAAGACGG-1,Tumor
GGTACTAAGTGCTTTG-1,
GGTAGAAGACCGCCTG-1,Tumor
GGTAGACCGTTGGGCG-1,
GGTAGTGCTCGCACCA-1,Tumor
GGTATAGTGACACATA-1,Tumor
GGTATTGCCGAGTTTA-1,Tumor
GGTCAAGACTACTTCG-1,Tumor
GGTCACGTTAGATTCA-1,Tumor
GGTCAGTGGGTCCCAC-1,Tumor
GGTCATTGTAGTCATA-1,Tumor
GGTCCCATAACATAGA-1,Tumor
GGTCGGATAAACGGCG-1,Tumor
GGTCGGCCAGGAGCTT-1,Tumor
GGTCGGTAATTAGACA-1,Tumor
GGTCGGTCGTCCACAG-1,
GGTCGTAAGCTCGCAC-1,
GGTCTCCAAGTAGTGC-1,
GGTCTCTGAATGGACT-1,
GGTCTGAGAATCTGGA-1,Tumor
GGTGAAACCGGGAATG-1,Tumor
GGTGAACGGGCTAGCC-1,Tumor
GGTGAAGTACAGGGAT-1,
GGTGAGATGCAGATAA-1,Tumor
GGTGATAAGGAGCAGT-1,Tumor
GGTGATTTCATCTTGT-1,Tumor
GGTGCAGAGCCTATCG-1,Tumor
GGTGCGGATAAGTGGC-1,Tumor
GGTGCTGGTACACATT-1,Tumor
GGTGGACCACGTGTTA-1,Tumor
GGTGGACTGCTCTGGC-1,Tumor
GGTGGAGGTTGATACG-1,Tumor
GGTGTTCTGTTTCTAC-1,Tumor
GGTGTTGGGCGTCTTA-1,Tumor
GGTTACCACCCTCGGG-1,
GGTTACCCGACACTTT-1,Tumor
GGTTAGCTATATGTCT-1,Tumor
GGTTAGTTACGGCGCC-1,
GGTTCCACCCGCTTCT-1,Tumor
GGTTCCCTAGTGTCTC-1,Tumor
GGTTCGATGCTGAGTT-1,Tumor
GGTTCGGATTATACTA-1,
GGTTCTACTCGTCTGA-1,Tumor
GGTTGTATCGTGAAAT-1,Tumor
GGTTGTGCTCTTGTCC-1,
GGTTGTGTAGCCTGGC-1,
GGTTTAATTGAGCAGG-1,Tumor
GGTTTACAATCTCAAT-1,Tumor
GGTTTAGCCTTTCTTG-1,Tumor
GGTTTCAATCGGTCAG-1,Tumor
GGTTTGACAAGAAGCT-1,Tumor
GGTTTGAGTGCTGGAA-1,Tumor
GGTTTGCGAACACGTA-1,Tumor
GTAACAACTGACCTTG-1,Tumor
GTAACATCTAAGATAA-1,Tumor
GTAACTTGCGGCAGTC-1,Tumor
GTAAGCGGGCAGTCAG-1,Tumor
GTAAGGATTTGTCGGA-1,Tumor
GTAAGTAACAGTCTGG-1,Tumor
GTAAGTAGGGTATACC-1,Tumor
GTAAGTCCACACTCTA-1,Tumor
GTAATAAAGGGCTCCC-1,Tumor
GTAATCTGATTCTTCG-1,
GTACACTTACCTGAAG-1,Tumor
GTACAGAGGCAAGGGT-1,Tumor
GTACGACGGCGCTGCG-1,Tumor
GTACGAGATTGCGACA-1,Tumor
GTACGCTTCATTGCAC-1,Tumor
GTACGTCACGTATTAA-1,Tumor
GTACGTTTGCCCGTCA-1,Tumor
GTACTAAGATTTGGAG-1,Tumor
GTACTCCCTTATCGCT-1,
GTACTCCTGGGTATGC-1,Tumor
GTACTGAGGTCGTAAC-1,Tumor
GTACTGCATGAAGCGT-1,Tumor
GTACTGGAGTTAGACC-1,Tumor
GTACTTGGGCACTTCT-1,Tumor
GTAGAAACGGGTGGAG-1,
GTAGACAACCGATGAA-1,Tumor
GTAGACGTCGTTACAT-1,Tumor
GTAGAGGGAGACAAGT-1,
GTAGCCAAACATGGGA-1,Tumor
GTAGCGCTGTTGTAGT-1,Tumor
GTAGCGGCTATACACT-1,Tumor
GTAGCTAGTAAGCGCG-1,Tumor
GTAGCTTCCTCTTGTT-1,Tumor
GTAGGTGATCCGTGTA-1,Tumor
GTAGTCGCGGGAATCA-1,Tumor
GTATAATCTCCCGGAT-1,Tumor
GTATAGGACTCAGTAG-1,Tumor
GTATAGTGGCCCATGT-1,Tumor
GTATCAAACGTTAGCT-1,Tumor
GTATCAGCTTGGGTTC-1,Tumor
GTATCTCAGTCTTGAC-1,
GTATCTCCCTAACTGT-1,Tumor
GTATCTTGTTGCTCAC-1,Tumor
GTATCTTTCATAACCA-1,Tumor
GTATGAAATTTCACTC-1,
GTATGACGTGGGAAAC-1,Tumor
GTATGTGGGTCTAGTT-1,Tumor
GTATTAAGGCGTCTAA-1,Tumor
GTATTAGGGTTCGCGT-1,Tumor
GTATTCTGAGAAACGA-1,
GTATTCTTACCGTGCT-1,Tumor
GTATTTAATGGCATAA-1,Tumor
GTCAAAGAAGTGGTGT-1,
GTCAAAGTTTACATAG-1,Tumor
GTCAAGCGGACTCGGG-1,Tumor
GTCAATGCTATAATTT-1,Tumor
GTCAATTGTACTGAAG-1,Tumor
GTCACAAAGTTTCCAA-1,Tumor
GTCACCTGTCTATGTC-1,Tumor
GTCACTCTCCAAATCT-1,Tumor
GTCAGAATAGTCTATG-1,Tumor
GTCAGTTGTGCTCGTT-1,Tumor
GTCATCTCCTACAGCT-1,Tumor
GTCATGCACCTCCGTT-1,Tumor
GTCATGGACATGACTA-1,Tumor
GTCATTAGAGCGAACG-1,Tumor
GTCATTGCATTGACCC-1,
GTCCATTACTGCTACG-1,Tumor
GTCCCAACGTAAAGTA-1,Tumor
GTCCCAATCATCCCGC-1,
GTCCGAGAGCAATCAT-1,
GTCCGGACCTGAAATT-1,Tumor
GTCCGGCTGAATTGCG-1,Tumor
GTCCTACAGGCGGCTC-1,Tumor
GTCCTACGAATAGTCT-1,Tumor
GTCCTACTCTACGGGC-1,
GTCCTATTGTTGTGGT-1,
GTCCTTCTAGTGGGTT-1,Tumor
GTCCTTTAATGACTTC-1,Tumor
GTCGATAGGTGACTTT-1,
GTCGCCGTTGTGTGTT-1,
GTCGCGTAACCCGTTG-1,Tumor
GTCGGAAGGATACCAG-1,Tumor
GTCGGATATCTCAGAC-1,Tumor
GTCGGATGTAGCGCGC-1,Tumor
GTCGGGAACATGGTAG-1,
GTCGTACCATCTCGGG-1,Tumor
GTCGTACCTACGATTG-1,
GTCGTATTGGCGTACA-1,Tumor
GTCGTCAATTATAAGG-1,Tumor
GTCGTCTGGTTGGCTA-1,Tumor
GTCGTGTCTGGTCATC-1,Tumor
GTCGTTATTCGCTTAT-1,Tumor
GTCTACTCAATTACAA-1,
GTCTATCTGAGTTTCT-1,Tumor
GTCTATTGGTTCCGGT-1,Tumor
GTCTCGACTAAGTTTG-1,Tumor
GTCTCGATCTGCTTTC-1,Tumor
GTCTGGGCGGTCGAGA-1,Tumor
GTCTTAGTACAGCCGG-1,Tumor
GTCTTGAGGAGCAGTG-1,Tumor
GTCTTGTAGCTATTCA-1,Tumor
GTGAAACGGCGCCACC-1,Tumor
GTGAAACGTGCTCCAC-1,Tumor
GTGAACTCCCATTCGA-1,Tumor
GTGAAGATTTCAAGTG-1,Tumor
GTGAAGCCGTATAGTC-1,Tumor
GTGAAGTCACGACTCG-1,
GTGACCGCACACTACG-1,Tumor
GTGACCTAAAGAATAA-1,Tumor
GTGACGAGGGTGACCC-1,Tumor
GTGACTTCAGTAGTGC-1,Tumor
GTGAGCGTGCTGCACT-1,
GTGAGGACACTTAAGG-1,Tumor
GTGAGGAGCGGTTGAG-1,Tumor
GTGAGTCTAAGACGGA-1,
GTGAGTGGTACAACGC-1,Tumor
GTGATCACTAACGCCT-1,Tumor
GTGATCATAGATCTGC-1,Tumor
GTGATGCACAACATCT-1,Tumor
GTGATTCGCCGCTCAA-1,
GTGCAACAAATGTGGC-1,Tumor
GTGCACGAAAGTGACT-1,Tumor
GTGCAGCGTAGAGTAG-1,
GTGCCATCACACGGTG-1,
GTGCCCGTTCGGATTC-1,Tumor
GTGCCGCTTCAAAGGT-1,Tumor
GTGCCTAGCTATGCTT-1,Tumor
GTGCCTCAGTGTACGG-1,Tumor
GTGCGAAATCGAACAC-1,Tumor
GTGCGACAGGGAGTGT-1,Tumor
GTGCGCAGCTTGCTCC-1,Tumor
GTGCGGGACCATCGGC-1,Tumor
GTGCGGGTCTCCAAAT-1,Tumor
GTGCGTGTATATGAGC-1,Tumor
GTGCTCAAGTACTGTC-1,Tumor
GTGCTGCAGATAAGGA-1,
GTGCTTACATCAGCGC-1,Tumor
GTGGAACCTACATGCG-1,Tumor
GTGGACCAACCCGATT-1,
GTGGACGCATTTGTCC-1,Tumor
GTGGACGTGCTGAGAC-1,Tumor
GTGGAGCATGTCGGCC-1,Tumor
GTGGAGCGTTTACCGA-1,
GTGGAGTCGGCGGTTG-1,
GTGGCAAACAGCGGCA-1,
GTGGCGGGCCGTAGCT-1,Tumor
GTGGCGGTCCCAGCGT-1,
GTGGCGTGCACCAGAG-1,Tumor
GTGGGAAGACTGAATC-1,
GTGGGCTTAGACACAC-1,Tumor
GTGGGTACTGAGCGTA-1,
GTGGTATAGTCTGCCG-1,
GTGGTCAGCGAAGTAT-1,Tumor
GTGGTGATGGTTTGTG-1,
GTGGTGGCCAAGTGAA-1,Tumor
GTGGTTACTTCTTTCG-1,Tumor
GTGGTTTCCGCCTTTC-1,
GTGTACCTTGGCTACG-1,Tumor
GTGTACGAACCGTTCC-1,Tumor
GTGTATATCAGCGGGC-1,Tumor
GTGTATGACTTTAAAG-1,Tumor
GTGTCCGATAAGGCAT-1,Tumor
GTGTCGTATAGCGTTC-1,Tumor
GTGTCGTATTCACCTT-1,Tumor
GTGTGAATAACTTAGG-1,Tumor
GTGTTACTATGCGTCC-1,Tumor
GTTAAAGTAGGACTGG-1,Tumor
GTTAACATCACTTAAA-1,Tumor
GTTAACTATGTTGTCA-1,Tumor
GTTAAGTTAGAGTGGG-1,Tumor
GTTAATGTCTATCTTA-1,
GTTACAATTGGTGACG-1,Tumor
GTTACCTACAACTTGC-1,Tumor
GTTACGAAATCCACGC-1,Tumor
GTTACGGCCCGACTGC-1,Tumor
GTTACTTTGGGCCTAG-1,Tumor
GTTAGAGTGTGCCGCT-1,Tumor
GTTAGCCGTAAATCAA-1,Tumor
GTTAGGCTACCCGTTT-1,
GTTATAATACGGTGAA-1,Tumor
GTTATATCAGGAGCCA-1,Tumor
GTTATATTATCTCCCT-1,Tumor
GTTATCACCTTCTGAA-1,Tumor
GTTATTAAATACGACC-1,Tumor
GTTATTAACGTGGGAG-1,
GTTCAATCTATGTCAA-1,Tumor
GTTCACAGGAGTCTAG-1,Tumor
GTTCATCGTTTGGCTG-1,Tumor
GTTCCAGTCTGACCAT-1,Tumor
GTTCCCGTAAACATAT-1,
GTTCGCCATAAGTGCC-1,Tumor
GTTCGCTGAGACGTCT-1,Tumor
GTTCGGATCGGGAACA-1,Tumor
GTTCGGGCGTACCATT-1,Tumor
GTTCGTCTAAAGAACT-1,Tumor
GTTCGTCTGGGTCCCT-1,Tumor
GTTCTTCCCTCGATGT-1,Tumor
GTTGAACCGGTTCCAT-1,Tumor
GTTGAGTCCCGCCGGT-1,Tumor
GTTGCACGGAGTTTCG-1,Tumor
GTTGCGCTAACATTAC-1,Tumor
GTTGCGGACGGTCAGG-1,Tumor
GTTGGACCGCATCAGG-1,Tumor
GTTGGATTCAGTGGCT-1,Tumor
GTTGGATTGAGAACAC-1,Tumor
GTTGGATTTGCGTTGG-1,Tumor
GTTGGTCATGCTATCC-1,Tumor
GTTGTCGTGTTAGTTG-1,Tumor
GTTGTTACATTGCGCT-1,Tumor
GTTTACGTTCCATCTG-1,Tumor
GTTTATGGGATTTAGA-1,
GTTTCATATCGTCGCT-1,
GTTTCCTGGAGGGTGA-1,Tumor
GTTTCTGCAGTCTCCC-1,Tumor
GTTTGACCAAATCCTA-1,Tumor
GTTTGGCCCAAGTTAT-1,Tumor
GTTTGGCCGCTCAGCG-1,Tumor
GTTTGGCGTCAGGCAC-1,Tumor
GTTTGGGCTTGTGAGC-1,Tumor
GTTTGGTAGGGTCAAC-1,Tumor
GTTTGTTAGCCAAGTA-1,
TAAACCCAGGAGGGCA-1,
TAAACGTCGTCAATGA-1,Tumor
TAAAGACAACCCTTTA-1,Tumor
TAAAGAGCCCGAAACC-1,Tumor
TAAAGCGGTATTTCCA-1,
TAAAGCGTTAGGAGAA-1,Tumor
TAAAGCTGCAATAGGG-1,Tumor
TAAATCTTTACACCTC-1,Tumor
TAAATGAATCCGTTTC-1,Tumor
TAAATGCCGTCTCATG-1,Tumor
TAAATGGGCTACTGAG-1,
TAACAAAGGGAGAAGC-1,Tumor
TAACATACAATGTGGG-1,Tumor
TAACATACACGCGATC-1,
TAACCGCCCGCAGTGC-1,Tumor
TAACCTACCGTCCGAG-1,Tumor
TAACGCTTTGAGAGCG-1,
TAACTATCGAAGGTCC-1,Tumor
TAACTATTACGCCAAA-1,Tumor
TAACTCATCCGCGCGG-1,Tumor
TAACTCCATGGAGGCT-1,Tumor
TAAGATTTAGCGGGAG-1,Tumor
TAAGCAGGCGACACGC-1,
TAAGCCCTTACGACCA-1,Tumor
TAAGGAACTTGTGGGA-1,Tumor
TAAGGCAACATAAGAT-1,Tumor
TAAGGCATAACATCAA-1,
TAAGGCTGAATCCCTC-1,Tumor
TAAGGGCCTGTCCGAT-1,Tumor
TAAGGGCTGGGAGAGG-1,
TAAGTAAATGTGCCGC-1,Tumor
TAAGTAACATCTTGAC-1,
TAAGTCGCCGAGTATC-1,
TAAGTTGCGACGTAGG-1,Tumor
TAATAAACAAGGAGAT-1,Tumor
TAATACACAGTAGTAT-1,Tumor
TAATAGAACAGAGTTA-1,
TAATAGCTAAATGATG-1,Tumor
TAATAGTGACGACCAG-1,Tumor
TAATATTGAAATTCGC-1,Tumor
TAATCAACCAAATGGG-1,
TAATCGATCCGTACGT-1,Tumor
TAATGAAAGACCCTTG-1,
TAATTAGATGGATATG-1,Tumor
TAATTAGGACATCCGT-1,Tumor
TAATTGGAATCGGGAA-1,Tumor
TAATTTCCGTCCAGTA-1,
TACAAATTGCGGAGGT-1,Tumor
TACAACGCACAACTCA-1,Tumor
TACAAGCTGTTCACTG-1,Tumor
TACAAGTCTCGTGCAT-1,Tumor
TACAATGAAACCAGCA-1,Tumor
TACACCGTCGTTAGTC-1,Tumor
TACATAGGCATACACC-1,Tumor
TACATCCCTATCCCTG-1,
TACATGACCTTATCCG-1,
TACATGCCGGAATTGT-1,
TACATTTCTAACGTGC-1,Tumor
TACCAAATAGCCCAGA-1,
TACCAATAAAGTACCA-1,Tumor
TACCAGAAGTAGGTTC-1,Tumor
TACCAGCTAGGTTTAA-1,Tumor
TACCATGTATTGATTT-1,Tumor
TACCGCGGACTTGCAG-1,Tumor
TACCGGCTCACTGCCC-1,Tumor
TACCGGTCGTTTCCAT-1,
TACCGTAGGTTAACTA-1,
TACCGTGCCTCGGACC-1,Tumor
TACCTACTCCCAGTAT-1,
TACCTATCCCTAGAGG-1,
TACCTCACGCTTGTAC-1,Tumor
TACCTCAGTTGTCTGT-1,
TACCTTAAGATTTCCC-1,
TACGAACACGACTTCA-1,Tumor
TACGACGCTTGCTGCG-1,Tumor
TACGACTGCCTCTTAG-1,Tumor
TACGAGAACTTCACGT-1,Tumor
TACGATCCAAGCCACT-1,Tumor
TACGATGTTGATCATC-1,Tumor
TACGCAGTTCTTTCCT-1,Tumor
TACGCCATATTCTAAT-1,Tumor
TACGCCGAGGGTACCC-1,
TACGCCGCCTCAGAAG-1,Tumor
TACGCCTCCATTCCGA-1,Tumor
TACGCTATAGAAACCT-1,Tumor
TACGCTCGGTATTGGA-1,
TACGGGATGCTAGCAG-1,Tumor
TACGTGCAAGGTTCCT-1,Tumor
TACGTGCACTATGCTG-1,Tumor
TACGTTTACCGGCAAT-1,
TACTATGGTTCCTCAG-1,
TACTCGGCACGCCGGG-1,
TACTCTCCGAACAAAT-1,Tumor
TACTCTTTCGTCTTCA-1,
TACTGAACAGATTTAG-1,
TACTGCAATCAATTAC-1,Tumor
TACTGGACAGCTCGGC-1,
TACTGTTTCTCTGGTA-1,Tumor
TACTTGTTAGTAGTCC-1,Tumor
TACTTTACTGAGCCGG-1,Tumor
TACTTTCCGCACGCCA-1,
TAGAAACCACTAAGTA-1,Tumor
TAGAAAGGTGGCGCTA-1,Tumor
TAGAAATTCACGTATA-1,
TAGAATTAAGGGCAAC-1,Tumor
TAGACGCCCGTACCGG-1,Tumor
TAGACTACCTAGCGTT-1,Tumor
TAGAGATCATGCAACT-1,
TAGAGCTACGAAGAAC-1,Tumor
TAGAGGTTCTACTTGT-1,Tumor
TAGAGTCTAAGCGAAC-1,Tumor
TAGATATGGACTGGAA-1,Tumor
TAGATCCGAAGTCGCA-1,Tumor
TAGATGGTTCCTTACT-1,
TAGATTCCTGGTTATT-1,
TAGCAACCTGTCACAA-1,Tumor
TAGCCATTTCAAAGTC-1,Tumor
TAGCCGGCGGTCAGCG-1,Tumor
TAGCGTCCCTCGATTG-1,Tumor
TAGCGTCCGGTGTGGT-1,Tumor
TAGCGTCGAATATTGA-1,
TAGCGTTGGGTCTTAC-1,Tumor
TAGCTAAGTCCGGGAG-1,Tumor
TAGCTAGAAGGCATGA-1,
TAGCTAGTGATGATGG-1,
TAGCTCAGATCCTAGT-1,Tumor
TAGCTCGCCTGATAAC-1,Tumor
TAGCTGATGTGAAGCG-1,
TAGGAACAGCCTCCAG-1,Tumor
TAGGCATGTTACGCCA-1,Tumor
TAGGCGATGAGGTCTC-1,
TAGGGAGCTTGGGATG-1,Tumor
TAGGGTGTTTCAAGAG-1,Tumor
TAGGTCGCCGGAACTG-1,Tumor
TAGGTGAGCCCTACTC-1,Tumor
TAGGTGCTCGCCTAGC-1,Tumor
TAGGTGTTCCACAGAT-1,
TAGGTTCGAGTTCGTC-1,Tumor
TAGTACCTTAGTGGTC-1,Tumor
TAGTAGCTTATACCAG-1,
TAGTCCGCAGAGAATG-1,Tumor
TAGTCCGTATGCATAA-1,Tumor
TAGTCGATCACGGGTT-1,Tumor
TAGTCTAACAACGAGA-1,
TAGTCTGTGACGTTGC-1,Tumor
TAGTCTTTCCGAATTG-1,Tumor
TAGTGAGAAGTGGTTG-1,Tumor
TAGTGCCCTCCAGAGT-1,Tumor
TAGTGGAACTCATACA-1,Tumor
TAGTGTCAGAAACGGC-1,Tumor
TAGTTAAGATAGGATA-1,Tumor
TAGTTTATTCTTGCTT-1,Tumor
TATAAATCCACAAGCT-1,Tumor
TATAAGTGAGGATAGC-1,Tumor
TATACACAGACGCCTT-1,Tumor
TATACACGCAAAGTAT-1,Tumor
TATACCGAGTGCCACA-1,Tumor
TATACTCATGCGGCAA-1,Tumor
TATAGAGTCGCTTGAA-1,
TATAGATGGTCGCAGT-1,Tumor
TATAGCGCACGTTATC-1,
TATAGGGTACTCATGA-1,
TATATCATTGATCAGT-1,
TATATCCCTGGGAGGA-1,Tumor
TATATGCTGGGTTGCC-1,
TATATTACAAATGTCG-1,Tumor
TATATTCGCGTCGATA-1,Tumor
TATCAAAGGTCTGTAA-1,
TATCACAGCACGGGCA-1,Tumor
TATCACCATGTAAAGT-1,Tumor
TATCACCCAACCGACC-1,Tumor
TATCACTTCGAGTAAC-1,Tumor
TATCAGTGGCGTAGTC-1,
TATCCAATTGGTTATC-1,Tumor
TATCCATATCATGCGA-1,Tumor
TATCCGCACCGTCGGG-1,
TATCCTGCATGGGAAT-1,Tumor
TATCGATCTATGCATA-1,Tumor
TATCGATGATTAAACG-1,Tumor
TATCTACAGAGGTAAT-1,
TATCTACCACAGCGGG-1,Tumor
TATCTAGCCTAAAGGA-1,
TATCTTGCAATACAAC-1,
TATGACCTTGCGCTGG-1,
TATGATAAATCTAACG-1,Tumor
TATGATCCGGCACGCC-1,Tumor
TATGATCTTCTCTTTA-1,Tumor
TATGATTCTGCTTGGT-1,Tumor
TATGCTCCCTACTTAC-1,Tumor
TATGGAGTTTCTCGTT-1,Tumor
TATGGATGTGCTACGC-1,Tumor
TATGGCCCGGCCTCGC-1,Tumor
TATGGCTAGGCTAATT-1,Tumor
TATGGGACCGAGCAGG-1,Tumor
TATGGGTACGTATCGT-1,Tumor
TATGGTCTGAGTAACA-1,Tumor
TATGGTTAGTGGGAGA-1,Tumor
TATGTCAAGACCGACT-1,Tumor
TATGTCTCATTGTGCC-1,Tumor
TATTAACACCAAAGCA-1,
TATTAACCTGACCGCG-1,
TATTACCATCCTGCTT-1,Tumor
TATTATGTTTGCCTGC-1,
TATTCAATTCTAATCC-1,Tumor
TATTCCACTCAGCTCG-1,Tumor
TATTCCGAGCTGTTAT-1,Tumor
TATTCCGGCAGTCCTA-1,Tumor
TATTCCTCCGCCCACT-1,
TATTCGTGCCAGAATA-1,Tumor
TATTGACATTTCTGCC-1,Tumor
TATTTAGTCTAGATCG-1,Tumor
TATTTATACCGAGTAG-1,Tumor
TATTTGATTTGCACAG-1,
TATTTGTTACCCTTTA-1,Tumor
TCAAACAACCGCGTCG-1,Tumor
TCAAACTTAGATTGTT-1,Tumor
TCAAAGAGCTATCTGT-1,
TCAACAAAGATAATTC-1,
TCAACACATTGGGTAA-1,Tumor
TCAACATAGCGCCCTA-1,
TCAACATCGACCGAGA-1,
TCAACCATGTTCGGGC-1,Tumor
TCAACGAGGAGACAAA-1,Tumor
TCAACGCAGGAAATAA-1,
TCAACGCGACCGGCAG-1,
TCAACTAACGTATAAC-1,
TCAACTGCAGAGTCAG-1,Tumor
TCAAGAAATACTAGCT-1,Tumor
TCAAGCGCGGACGGTA-1,
TCAAGCTGCCTTGAAA-1,Tumor
TCAAGGTTACTACACC-1,Tumor
TCACAGATCCTCAAAC-1,Tumor
TCACAGCAAACTCGAA-1,
TCACAGGAGAATAAGA-1,
TCACAGGGAATCGCAA-1,Tumor
TCACAGGTTATTGGGC-1,Tumor
TCACCCTCTTAAGATT-1,Tumor
TCACCGCTCGGCACTC-1,Tumor
TCACGATGTCCGTGGA-1,
TCACGCATTGTAGATC-1,Tumor
TCACGGTCATCGCACA-1,Tumor
TCACGTGCCCGATTCA-1,Tumor
TCACTACGACCAATGC-1,Tumor
TCACTATCGTGCAATC-1,Tumor
TCACTCGTGCAACGGC-1,Tumor
TCAGAACCTCCACAGG-1,Tumor
TCAGACGCTATAGAAG-1,Tumor
TCAGATGGAGACGTAG-1,Tumor
TCAGCAAATGCATCTC-1,Tumor
TCAGCAGTAGGCCCTG-1,
TCAGGGCGCAAACTCG-1,
TCAGGGTGCACGAAAC-1,Tumor
TCAGGGTGTAACGTAA-1,Tumor
TCAGGTTCTTTGAGAA-1,Tumor
TCAGTACTGACCCGCG-1,Tumor
TCAGTAGGGACTATAA-1,Tumor
TCAGTGTATACGTCAT-1,
TCAGTTACGGAATGAT-1,Tumor
TCATACTTACAGATCC-1,Tumor
TCATCACTCGAGCTCG-1,Tumor
TCATCCCAGAGGGTGG-1,Tumor
TCATCGATGGTCCCAA-1,
TCATGCAGGTTCTCAT-1,Tumor
TCATTCGTATAATTTG-1,Tumor
TCATTTAAGTCTCCGA-1,Tumor
TCATTTAGAAGTGTGA-1,Tumor
TCCAACTTTAAATTCT-1,Tumor
TCCAATAAAGGCTACC-1,
TCCACAATGGTTTACG-1,Tumor
TCCACCTCTAGCCTTT-1,
TCCACTTTATCTAGGT-1,Tumor
TCCAGAGCACCGGTTC-1,Tumor
TCCAGATGTACGCCAA-1,Tumor
TCCAGCGCTATAAGCG-1,Tumor
TCCAGGCGAGTACGGT-1,Tumor
TCCATTAGTTGGATAG-1,Tumor
TCCATTCCCACTAGAG-1,Tumor
TCCATTGTGACCTCGT-1,Tumor
TCCCAAACAGACAACG-1,Tumor
TCCCAAAGACGAAGGA-1,Tumor
TCCCAAAGCCCTAAAT-1,Tumor
TCCCACGGAGGGAGCT-1,Tumor
TCCCACTCTCTTCCGG-1,Tumor
TCCCAGCACACGACAT-1,
TCCCAGCTTTAGTCTG-1,Tumor
TCCCAGGCTTAGCTAA-1,Tumor
TCCCGCCTATGTGCGT-1,Tumor
TCCCGCGTACTCCTGG-1,Tumor
TCCCGGGTGTGCTGCT-1,Tumor
TCCCGGTCAGGAATTT-1,Tumor
TCCCGTCAGTCCCGCA-1,Tumor
TCCCGTCGCGTCATAG-1,Tumor
TCCCGTGTGCAATTTG-1,Tumor
TCCCTAGATCAATAGG-1,Tumor
TCCCTGGCTCGCTGGA-1,
TCCCTTAGATTACTCG-1,Tumor
TCCGAACGTTGCCGCT-1,Tumor
TCCGAACTTGGCTTAC-1,
TCCGAAGTAGTCACCA-1,Tumor
TCCGAATGGTCCTGAG-1,Tumor
TCCGAGAAGGCTAAGC-1,Tumor
TCCGATAATTGCCATA-1,Tumor
TCCGATGACTGAGCTC-1,Tumor
TCCGATGGTGCGACAT-1,Tumor
TCCGATTACATTGCCG-1,Tumor
TCCGCCTGTCTACAAG-1,Tumor
TCCGCGGCAGCATCTG-1,Tumor
TCCGCGGCCCAATGAA-1,Tumor
TCCGCTGTCATCCCGG-1,Tumor
TCCGCTTATCCCATTA-1,Tumor
TCCGGAGGAAGGGCTG-1,Tumor
TCCGGCCTAGCGTACA-1,Tumor
TCCGGCCTGCATCGAT-1,Tumor
TCCGGCTGTCGGGTCG-1,
TCCGGTTCGTCCGGTC-1,Tumor
TCCGTAACCACAATCC-1,
TCCGTTAAGCTAATAT-1,Tumor
TCCGTTTAGCCTTGAA-1,Tumor
TCCTAAATTGGGAAGC-1,Tumor
TCCTAACCGTCGGGCA-1,
TCCTACATCCACGGCC-1,Tumor
TCCTAGCAAAGAAGCT-1,Tumor
TCCTATCATAGGTAAC-1,Tumor
TCCTCCTAAGACATTC-1,
TCCTCGGGCTGGGCTT-1,Tumor
TCCTCTACGAGATGGC-1,Tumor
TCCTCTCCAGTTGTCC-1,
TCCTCTGGCCCATTAG-1,Tumor
TCCTGCCAACTGGAGA-1,Tumor
TCCTGCGTTGATACTC-1,
TCCTGGCGCTGCCTGG-1,Tumor
TCCTTACGACGGTCCG-1,Tumor
TCCTTCAATCCCTACG-1,
TCCTTCAGTGGTCGAA-1,Tumor
TCCTTTAAATCCGCTT-1,Tumor
TCCTTTCTTACGCTTA-1,Tumor
TCGAAATTTAGGACCA-1,Tumor
TCGAAGAACCGAGCAC-1,Tumor
TCGAATATCCCGCAGG-1,
TCGACAACTGAACCCG-1,
TCGAGACCAACACCGT-1,Tumor
TCGAGCCAGGCAGGCC-1,
TCGAGGGCAACAGACG-1,
TCGATAGGCTAGTCGC-1,Tumor
TCGCAAAGATGCATTT-1,Tumor
TCGCACCAGGAGGCAG-1,Tumor
TCGCATCCCTAAGTGT-1,Tumor
TCGCATTCAATGACTT-1,Tumor
TCGCCCAACTGACTCC-1,Tumor
TCGCCCACTGCGAGAG-1,
TCGCCGAAGTTGCGTC-1,
TCGCCGCACCGCGTGA-1,
TCGCCGGATGGGCAAG-1,
TCGCCGGTCGATCCGT-1,Tumor
TCGCGTAGCAGTGTCC-1,Tumor
TCGCGTCCAGAAGGTC-1,Tumor
TCGCTAAACCGCTATC-1,Tumor
TCGCTCGATATATTCC-1,Tumor
TCGCTCGGCACCAGCG-1,Tumor
TCGCTGGGCGGATTGT-1,Tumor
TCGCTGTGCGTAAATC-1,Tumor
TCGCTTAATTACGAAG-1,Tumor
TCGCTTTAAACGTTTG-1,Tumor
TCGGAATGACCATCAA-1,Tumor
TCGGAATGCGCTCTGA-1,Tumor
TCGGACGCCCAGCCCA-1,Tumor
TCGGAGAGTATCGGGA-1,
TCGGAGTACATGAGTA-1,Tumor
TCGGCGAACCCAAACC-1,Tumor
TCGGCGTACTGCACAA-1,
TCGGCTAACTTCCCTT-1,Tumor
TCGGCTTGTATCGACG-1,Tumor
TCGGGAACGTGCCTAG-1,Tumor
TCGGGATTCAAACATA-1,
TCGGGCACTTCTGGAT-1,Tumor
TCGGGCCGTCGTGGTA-1,Tumor
TCGGGTGAAACTGCTA-1,Tumor
TCGGTCCCGACAATAG-1,
TCGGTCCCTGACTCCA-1,Tumor
TCGGTGACCGCTCCGG-1,Tumor
TCGGTTAGCCATGTAG-1,Tumor
TCGTAAGACGACATTG-1,Tumor
TCGTAAGCTCCGAGGA-1,Tumor
TCGTATAGTGCAATTA-1,Tumor
TCGTATTACCCATTGC-1,
TCGTATTTCGTCCGGA-1,Tumor
TCGTCAAGTACGCGCA-1,
TCGTCCGCTGGCGTCT-1,Tumor
TCGTCCGGGTACACTC-1,Tumor
TCGTCTTAGGCGTTAA-1,Tumor
TCGTGTACTATGGATG-1,Tumor
TCGTGTATTGGTCACG-1,Tumor
TCGTGTCACGCTGACA-1,
TCGTGTTCGACCACAA-1,Tumor
TCGTTAGGAGTCCCTA-1,Tumor
TCGTTCGTTATTATGT-1,Tumor
TCGTTGCTATCCGGTC-1,
TCGTTGGCTCGTCAAT-1,Tumor
TCTAAAGAACAGTCTC-1,
TCTAACTGTATGTAAA-1,
TCTAATACTGCCTCAG-1,
TCTACACGTTCATGCA-1,Tumor
TCTACCCAATAGAGAG-1,Tumor
TCTACCGTCCACAAGC-1,Tumor
TCTACGGGCTCAGTTG-1,Tumor
TCTAGCAATCTCCGCC-1,
TCTAGCATCTTCGATG-1,Tumor
TCTAGCATGCCCAGAA-1,Tumor
TCTAGGTGGCGACGCT-1,Tumor
TCTAGTGATATCGTGG-1,Tumor
TCTAGTTATCAGAAGA-1,Tumor
TCTATCATGCAGTTAC-1,Tumor
TCTATCGGTCGCAACA-1,Tumor
TCTATTACGCTGGCGA-1,Tumor
TCTATTACTAGAGGAT-1,
TCTCATGAGATAGGGT-1,Tumor
TCTCCAACGTAGGTTA-1,Tumor
TCTCCCTGGGCAGCGT-1,Tumor
TCTCGAACGAGGTCAC-1,Tumor
TCTCGACGTATCGCCG-1,Tumor
TCTCGAGGAGGTTCGC-1,Tumor
TCTCGGCTCCAGGACT-1,Tumor
TCTCGTGTTACGAGGA-1,
TCTCTAATAGCTGGTA-1,Tumor
TCTCTCGCCGCACATA-1,
TCTGAACCGGTCGGCT-1,Tumor
TCTGAACTCGTACCCG-1,Tumor
TCTGAAGCACGTGGTC-1,Tumor
TCTGAATTCCGTACAA-1,Tumor
TCTGACGGGCTAACCC-1,Tumor
TCTGAGCAATTGACTG-1,Tumor
TCTGATCGGGTGCTAG-1,Tumor
TCTGATGTATTCTGTC-1,Tumor
TCTGATTGGAAATGGA-1,Tumor
TCTGCACCATTAGTAA-1,Tumor
TCTGCAGATTCGAGTC-1,
TCTGCCAGAAACTGCA-1,Tumor
TCTGCGAATCGTTCGC-1,Tumor
TCTGCGTCCGGTTTCT-1,Tumor
TCTGCTTAGAACAAGC-1,
TCTGGAGCGTAAGAGT-1,Tumor
TCTGGCCGTTCAAGTT-1,Tumor
TCTGGCGCAAGCCGGG-1,
TCTGGGAACCTTTGAA-1,Tumor
TCTGGGTAGCGCTCAT-1,Tumor
TCTGTCATACAAGAGC-1,Tumor
TCTGTGATGGAGGTTG-1,Tumor
TCTGTGCCATCATAGT-1,Tumor
TCTGTGGCTACATTTC-1,Tumor
TCTGTTACCCAGCATA-1,
TCTTACAGAGGTACCG-1,Tumor
TCTTACCGGAACTCGT-1,Tumor
TCTTACGGCATCCGAC-1,Tumor
TCTTACTTATGCCTCT-1,Tumor
TCTTAGAGCTCCAATT-1,Tumor
TCTTAGAGTGAACTCT-1,Tumor
TCTTATGGGTAGTACC-1,Tumor
TCTTCCCATGGGCACA-1,Tumor
TCTTCGAATAGACGTT-1,Tumor
TCTTCGATACCAATAA-1,Tumor
TCTTCGCGGTGAGAGG-1,
TCTTCTATAACCCGCC-1,Tumor
TCTTGATGCGTAGCGA-1,Tumor
TCTTGGTAACACCAAA-1,Tumor
TCTTTAAGACTATGAA-1,Tumor
TCTTTAGAGTCTAACA-1,Tumor
TCTTTAGCAGGCGAAC-1,Tumor
TCTTTCCTTCGAGATA-1,
TCTTTCTCTTAAGGAG-1,Tumor
TGAAACTTATGCAAGC-1,Tumor
TGAAAGGACCTGACTC-1,Tumor
TGAACTGCTATGACTT-1,
TGAAGAGCGGTCCTAG-1,
TGAATATGCTATAAAC-1,Tumor
TGAATGAGATACAGCA-1,Tumor
TGAATGTCAGCCGGCC-1,Tumor
TGAATTTCACTTGCCT-1,
TGACAACGCATGTCGC-1,Tumor
TGACACTTCTCTTTGC-1,Tumor
TGACAGGACAAGTCCA-1,
TGACATATATGACGAT-1,
TGACATCGAGCGGACC-1,Tumor
TGACCAGCTTCAAAGT-1,Tumor
TGACCCACGTTAGACA-1,Tumor
TGACCCAGCATTCCCG-1,Tumor
TGACGAATATTTCCCT-1,
TGACGATGCACTAGAA-1,Tumor
TGACTATAATCCTTTC-1,Tumor
TGAGAATGCTTTACCG-1,Tumor
TGAGACGTACCTCTCA-1,
TGAGAGATTTACCACG-1,Tumor
TGAGATCAAATACTCA-1,Tumor
TGAGATTAGGCCCTAA-1,Tumor
TGAGCAGTCGTGAAGT-1,Tumor
TGAGCCATACAGTCTC-1,Tumor
TGAGCGGAAAGTGTTC-1,Tumor
TGAGCTCAACTGTATA-1,
TGAGCTTTAATGACGC-1,Tumor
TGAGGAGTGCCAGCTT-1,
TGAGGCATGTACTGTG-1,
TGAGTAAATTAGCGTA-1,Tumor
TGAGTGCCTCTTAAAT-1,
TGAGTGGTCCGTGACG-1,Tumor
TGAGTTAAAGACATTC-1,Tumor
TGATACATTTAGCCGT-1,
TGATAGCGGGATTCTA-1,
TGATCAGGGAACTGCT-1,
TGATCCCAGCATTAGT-1,Tumor
TGATCGGTTTGACCCT-1,Tumor
TGATCTACGCTGATCT-1,Tumor
TGATCTCCGGCGCCAG-1,Tumor
TGATGGCTGTTTCTGA-1,Tumor
TGATGTCAATTAAGTG-1,Tumor
TGATTATGGCACGCAG-1,Tumor
TGATTCAGGTCCCGCG-1,
TGATTCCCGGTTACCT-1,
TGATTCGTCTATCACT-1,Tumor
TGATTCTGTCGCCGGT-1,
TGATTTATTAGCTGTG-1,Tumor
TGATTTCCTCCTGACG-1,Tumor
TGCAAGAATGACGTAA-1,Tumor
TGCAATTTGGGCACGG-1,Tumor
TGCACAGTGAAGTTAT-1,Tumor
TGCACGAGTCGGCAGC-1,Tumor
TGCACTATGTGAGTGC-1,Tumor
TGCAGAACTATATCGT-1,
TGCAGAGTACCGAGCA-1,Tumor
TGCAGATCGTCCTAGG-1,
TGCAGCTACGTACTTC-1,
TGCAGGATCGGCAAAG-1,Tumor
TGCAGTGAGGCTCGGG-1,Tumor
TGCAGTTTCCTCCCAT-1,Tumor
TGCATATGTCTGTCAC-1,Tumor
TGCATGGATCGGATCT-1,Tumor
TGCATGTGGTAATCTA-1,Tumor
TGCCAAAGTCAGACTT-1,
TGCCAATGGGTACTCT-1,
TGCCACACTAGAGGAA-1,
TGCCACCTGGCGAAAC-1,Tumor
TGCCAGTACGTGGAGA-1,Tumor
TGCCATGGCTTATAAG-1,Tumor
TGCCATTACTAAAGAA-1,Tumor
TGCCCGTACCGTTAAA-1,Tumor
TGCCGAAAGCGTATTC-1,Tumor
TGCCGTGGATCGTCCT-1,Tumor
TGCCTAAATTTAATAG-1,Tumor
TGCCTAATTGAAGATT-1,Tumor
TGCCTGACATCGGTCA-1,Tumor
TGCCTGATCAAACGAT-1,Tumor
TGCCTTGGCCAGGCAA-1,Tumor
TGCGAATATGGGATTT-1,
TGCGACACCCTAGTGC-1,Tumor
TGCGAGAATATTACCC-1,
TGCGAGATGGCGGCCA-1,Tumor
TGCGAGCCCTTCCGCG-1,Tumor
TGCGATGCTAATGGCT-1,
TGCGCAAAGCATTTGG-1,Tumor
TGCGCCGTTAATAACG-1,Tumor
TGCGCGATTAACGGAG-1,Tumor
TGCGGAGTAAAGGTGC-1,Tumor
TGCGGCATAGTTCAAC-1,Tumor
TGCGGGTATTGGGATC-1,Tumor
TGCGGTGAAATTTCAT-1,Tumor
TGCGTAAGAACCTGAT-1,Tumor
TGCGTCATGACTGAGC-1,
TGCGTGATTGGGTGTC-1,Tumor
TGCGTTTGTTGACACT-1,Tumor
TGCTAAGTGTCTATTT-1,Tumor
TGCTATACAAACGGAC-1,Tumor
TGCTCACACAACAACC-1,Tumor
TGCTCCACAGTTCTTA-1,Tumor
TGCTCGGCGAAACCCA-1,
TGCTCTGCCGGTTCAC-1,Tumor
TGCTGCGTCAGAGTTA-1,Tumor
TGCTGGTTGGACAATT-1,Tumor
TGCTGTTGAAGAACTC-1,Tumor
TGCTTGAAACCATGCA-1,Tumor
TGGAACCACTGACACA-1,Tumor
TGGAAGAAGGGAACGT-1,Tumor
TGGAAGACGAACACCA-1,Tumor
TGGAAGGATAAAGATG-1,Tumor
TGGAATATCCTTGACC-1,Tumor
TGGACACCGTTGCTTG-1,
TGGACCACGGCGTTGA-1,Tumor
TGGACGCAATCCAGCC-1,
TGGACTGTTCGCTCAA-1,Tumor
TGGAGCTAAAGTTCCC-1,Tumor
TGGAGGGAAACACCTC-1,Tumor
TGGAGTGATGCGATGA-1,Tumor
TGGCAAACTAAATTAC-1,Tumor
TGGCAACTCGCGCGCC-1,Tumor
TGGCAATGGGACGGCG-1,Tumor
TGGCACGAGCTCGAGT-1,Tumor
TGGCAGATTACGATCA-1,Tumor
TGGCAGCAGTAATAGT-1,Tumor
TGGCATGAAGTTTGGG-1,
TGGCCAAACTGAAGTA-1,Tumor
TGGCCAATTTGGTACT-1,
TGGCCGTATATTGACC-1,Tumor
TGGCGACTGCTCCAAA-1,
TGGCGATCAAGTTATG-1,Tumor
TGGCGGTGTGCGATTG-1,Tumor
TGGCTCTTGTCGCGTA-1,
TGGCTTGTACAAGCTT-1,Tumor
TGGCTTTGGGTAGACA-1,Tumor
TGGGAAATGCCTTTCC-1,Tumor
TGGGATGCACTCATTC-1,Tumor
TGGGCAATAGTTGGGT-1,Tumor
TGGGCACAAACAGAAC-1,Tumor
TGGGCACGTTCTATGG-1,Tumor
TGGGCAGGCCACCGCA-1,Tumor
TGGGCCACAAGAGCGC-1,Tumor
TGGGCCCATACTAATT-1,Tumor
TGGGTAAGGTTCCCGC-1,Tumor
TGGGTGGGATGTCATT-1,Tumor
TGGTAAGCAGGATTGA-1,
TGGTAGAATATATGGG-1,Tumor
TGGTATCGCATCCCAA-1,Tumor
TGGTATCGGTCTGTAT-1,Tumor
TGGTCCCACGCTACGG-1,Tumor
TGGTCGTGCAAGGCAA-1,
TGGTCGTTTGATAGAT-1,Tumor
TGGTCTGTTGGGCGTA-1,
TGGTGATCGTATTTGT-1,
TGGTTAAGGGCGCTGG-1,Tumor
TGGTTCAACGGGTAAT-1,Tumor
TGGTTCGTAGCAAAGG-1,Tumor
TGGTTGGAGGATCCTG-1,Tumor
TGGTTTAAACGTGGGT-1,Tumor
TGTAACTTGTCAACCT-1,Tumor
TGTAATGACCACAATA-1,
TGTAATGCCTTCGGAC-1,Tumor
TGTACGAACAAATCCG-1,Tumor
TGTACTACTCTCACGG-1,Tumor
TGTACTGTGCCAAAGT-1,Tumor
TGTAGGAGAAATTTCC-1,Tumor
TGTAGTGATCTATAAT-1,Tumor
TGTATAACAGATCCTG-1,Tumor
TGTATACGGATGATGA-1,Tumor
TGTATCAGACTGAAGC-1,Tumor
TGTATCCTTATTCCAT-1,Tumor
TGTATGGCGCAGACAG-1,Tumor
TGTATTTACCTAATGC-1,Tumor
TGTCATTTGTTGGGAA-1,Tumor
TGTCCCGACATAGCAC-1,Tumor
TGTCCGTGGCGCCTTT-1,
TGTCCTAAGTCACCGC-1,
TGTCGGCATGGTGGAA-1,Tumor
TGTCTACAGTTTCTGT-1,Tumor
TGTGACTACGCCAGTC-1,Tumor
TGTGCCAGAGGCAAAG-1,
TGTGCCGGTGCCGGAA-1,Tumor
TGTGCTTTACGTAAGA-1,
TGTGGACTATCTACGT-1,
TGTGGAGGAAGCTTAA-1,Tumor
TGTGGCAAAGCGTATG-1,Tumor
TGTGGCTCCCACCAAC-1,Tumor
TGTGGTAGGGTGCCTT-1,
TGTGTCGAAGTCGAGG-1,
TGTGTCGCGAGTTGCA-1,Tumor
TGTGTGACCATGAATC-1,
TGTGTTCGTATCCAAG-1,
TGTTATTGTATGTGGC-1,Tumor
TGTTCATAAATGTGCT-1,
TGTTCCGCTTCCATGA-1,Tumor
TGTTCGTATTGCGGTG-1,Tumor
TGTTCTCTACTCCCTA-1,Tumor
TGTTCTTCCATTGACT-1,Tumor
TGTTGCCGTCGTCCCA-1,Tumor
TGTTGTCAAGAAGTCT-1,Tumor
TGTTTAATACTTCATC-1,Tumor
TGTTTCGGTACTTCTC-1,Tumor
TGTTTGAGATCGTCAG-1,Tumor
TTAAACAGAGTCCCGC-1,Tumor
TTAAACCGGTAGCGAC-1,Tumor
TTAAACCTGGTTCCTT-1,
TTAAACTCGAATTCAT-1,Tumor
TTAACACCTCGAACAT-1,
TTAACCAACCCTCCCT-1,Tumor
TTAACGAACAAGCAGT-1,Tumor
TTAACGTCGCAAGACC-1,Tumor
TTAACGTTAAAGCCTG-1,
TTAACTCACGCGTGGA-1,
TTAACTTCAGGTAGGA-1,
TTAAGACGAACGAACC-1,Tumor
TTAAGATAGGATTGAC-1,Tumor
TTAAGCCGACAACTTC-1,Tumor
TTAAGCGCCTGACCCA-1,Tumor
TTAAGGATACGGAGGT-1,Tumor
TTAAGGCCCGTACTTT-1,
TTAATCAGTACGTCAG-1,Tumor
TTAATGCGAGGTAACT-1,Tumor
TTAATGTAGACCAGGT-1,Tumor
TTAATTTCAGACGCGG-1,Tumor
TTACAACTACGCATCC-1,Tumor
TTACAGACCTAAATGA-1,Tumor
TTACATCGTGGCCTGG-1,Tumor
TTACATGCCACAACTA-1,Tumor
TTACCATTGATTACCC-1,
TTACCCATTGCCGGGT-1,Tumor
TTACCCTAACAGTCCT-1,Tumor
TTACCCTAGGGATTGG-1,
TTACCGCCTTAGGGAA-1,Tumor
TTACGGATGGTTCGAG-1,Tumor
TTACGGTGTCACCGAG-1,Tumor
TTACGTAGCGCGTGCT-1,Tumor
TTACTAAAGGACTTTA-1,Tumor
TTACTATCGGCTTCTC-1,
TTACTCCGGCCGGGAA-1,Tumor
TTACTCTGGTACGTAC-1,
TTACTGGGATATTTCA-1,Tumor
TTACTGTCTAGAGCTC-1,Tumor
TTACTGTTTCTCTACG-1,Tumor
TTAGAAGAACATGACT-1,Tumor
TTAGAATAAGGGTCGG-1,
TTAGACACGATCGTTG-1,Tumor
TTAGACGAGTCACCTC-1,Tumor
TTAGAGGGATATACAG-1,
TTAGAGTTTAGAAGGA-1,Tumor
TTAGATAGGTCGATAC-1,Tumor
TTAGCAACATGGATGT-1,Tumor
TTAGCTAATACGATCT-1,Tumor
TTAGCTCTGTAATCCG-1,
TTAGCTGATTTGCCGT-1,Tumor
TTAGGATGGGAGGGTA-1,Tumor
TTAGGTCATAACCGAC-1,
TTAGTAGGGCGGCGGG-1,
TTAGTTATTCGTGGCA-1,Tumor
TTAGTTCAAGTGTTCG-1,Tumor
TTATAGATGCACATTA-1,Tumor
TTATAGTCCAAGGTGC-1,Tumor
TTATATACGCTGTCAC-1,Tumor
TTATATTTGGCAATCC-1,Tumor
TTATCCAATCGAACTC-1,Tumor
TTATCCGGGATCTATA-1,Tumor
TTATCCTCAAGGAATA-1,
TTATCGCCTGCGAAGC-1,
TTATCTGACATTAGGA-1,
TTATCTGTATCATAAC-1,Tumor
TTATGAATGAAAGGGA-1,Tumor
TTATGACAAACTGGAT-1,
TTATGATCTTAACGAA-1,Tumor
TTATGCGTCCCGGTCC-1,Tumor
TTATTAGAGCGTGTTC-1,Tumor
TTATTAGGGAAGCATC-1,Tumor
TTATTATCTGGAAGGC-1,
TTCAAAGTCTCTAGCC-1,Tumor
TTCAACGACCCGACCG-1,Tumor
TTCAAGCCGAGCTGAG-1,Tumor
TTCAATACTCTGAATC-1,Tumor
TTCAATTAGCCATAAT-1,Tumor
TTCACGAAAGGATCAC-1,Tumor
TTCACTCGAGCACCTA-1,Tumor
TTCAGAGTAACCTGAC-1,Tumor
TTCAGCCCTGGTCCAC-1,Tumor
TTCAGCTGGCGTGCCC-1,Tumor
TTCAGGCGTCAAAGCC-1,
TTCAGTTTGTGGCAGC-1,
TTCATGGCGCAACAGG-1,Tumor
TTCCAATCAGAGCTAG-1,Tumor
TTCCAATCTGGCTATC-1,
TTCCACACAGATTTGA-1,
TTCCACATTTCTCGTC-1,Tumor
TTCCAGACGAGATTTA-1,Tumor
TTCCATCATGCGGTGA-1,Tumor
TTCCCGACGCTTCACT-1,Tumor
TTCCCGGCGCCAATAG-1,
TTCCGCAGAGAAATAT-1,Tumor
TTCCGCGTGAGGCGAT-1,Tumor
TTCCGGCCTTGAGGCT-1,
TTCCGGCTCGACTTCT-1,Tumor
TTCCGGTATCTGTGTC-1,Tumor
TTCCGGTTACCCACTT-1,Tumor
TTCCTCGAGGGTGTCT-1,Tumor
TTCCTCGGACTAACCA-1,Tumor
TTCCTCTGCCCGAATA-1,
TTCCTTTCTGTGTTGC-1,Tumor
TTCGACAGAGCCCGTG-1,Tumor
TTCGACGGGAAGGGCG-1,Tumor
TTCGAGCCGGCGCTAC-1,Tumor
TTCGCACTCGCGTGCT-1,Tumor
TTCGCACTGTACGACA-1,
TTCGCATCCGGAAGCA-1,Tumor
TTCGCGCGCCATACGA-1,
TTCGCTAGGAAGTTGT-1,Tumor
TTCGCTATCTGACGTG-1,Tumor
TTCGGACTGATGCCTT-1,Tumor
TTCGGCAACCCGCTGA-1,Tumor
TTCGGCTAGAGATGGT-1,Tumor
TTCGGGACTAATCGCG-1,Tumor
TTCGGGCGCTAGTCTT-1,
TTCGGGTTGCCACGGG-1,
TTCGGTGGAGACGCCC-1,Tumor
TTCGTAATCCCAGCGG-1,Tumor
TTCGTACTCCAGAACG-1,Tumor
TTCGTGGGCTGGAAGC-1,Tumor
TTCGTTCAACGAAGTT-1,Tumor
TTCTAACCGAAGCTTA-1,Tumor
TTCTACCTTTATGTTG-1,Tumor
TTCTACTTGCGAGGGC-1,Tumor
TTCTAGAAAGTCTTAT-1,
TTCTAGGCCAATTGTG-1,Tumor
TTCTATGCCTTTCGCA-1,Tumor
TTCTGACCGGGCTCAA-1,Tumor
TTCTGCCGCGCCTAGA-1,Tumor
TTCTGCGAGCGCCCTT-1,
TTCTGCGGGTTAGCGG-1,Tumor
TTCTGCTAGACTCCAA-1,Tumor
TTCTGTTTCCTGTCGC-1,
TTCTTAGTGAACGGTG-1,Tumor
TTCTTAGTGGCTCAGA-1,Tumor
TTCTTATCCGCTGGGT-1,Tumor
TTCTTCCCTTTGATAT-1,Tumor
TTCTTCGCAATAGAGC-1,Tumor
TTCTTGAGCCGCGCTA-1,
TTCTTGCTAGCATCTC-1,Tumor
TTCTTGGACGATCTGC-1,
TTCTTGGAGTAATGAG-1,Tumor
TTCTTGTAACCTAATG-1,Tumor
TTCTTGTGTCCATCAG-1,
TTCTTTGGTCGCGACG-1,Tumor
TTGAAAGGTGTAAAGG-1,Tumor
TTGAACGAATCCTTTG-1,Tumor
TTGAAGAATTCCCAGG-1,Tumor
TTGAATATGGACTTTC-1,Tumor
TTGAATCGTTGTATAA-1,
TTGAATTCACGTGAGG-1,Tumor
TTGACAGGAGCTCCCG-1,Tumor
TTGACATGAACGTGGA-1,
TTGACCATGTTCTCCG-1,Tumor
TTGACCGTGTTAATGA-1,
TTGACGATTCAGCACG-1,Tumor
TTGACGCTCCATGAGC-1,Tumor
TTGACTACCATATGGT-1,Tumor
TTGACTATTGTCCGGC-1,Tumor
TTGAGAAGTTTAGCAT-1,Tumor
TTGAGAGTACTGCTAA-1,
TTGAGCAGCCCACGGT-1,Tumor
TTGAGCGCCACGTGAT-1,Tumor
TTGAGGCATTTAACTC-1,Tumor
TTGAGTCCCGCTGCTG-1,Tumor
TTGATAGTCAATACAT-1,Tumor
TTGATCTAACTTTGTC-1,Tumor
TTGATGTGTAGTCCCG-1,Tumor
TTGATTAGCTGTTTCT-1,
TTGATTATGCAGATGA-1,
TTGCACAATTCAGAAA-1,Tumor
TTGCACGGAGCAGCAC-1,Tumor
TTGCATGCTGATCACG-1,
TTGCCAAGCAGAACCC-1,Tumor
TTGCCATAGCCCGCTC-1,
TTGCCCTGATCACGGG-1,Tumor
TTGCCGGTGATCCCTC-1,Tumor
TTGCGGCATCAGAAAG-1,
TTGCGGCGACTCATGC-1,Tumor
TTGCGTAGTTTGAGGA-1,
TTGCGTCGGCCAACCG-1,
TTGCGTGAACGCTTAG-1,Tumor
TTGCTCCCATACCGGA-1,Tumor
TTGCTGAAGGAACCAC-1,Tumor
TTGCTGATCATGTTCG-1,Tumor
TTGCTGCACCTATCCA-1,
TTGCTGGCCGGGCTTC-1,Tumor
TTGGAAGAATACAGTC-1,
TTGGACATGTGGCTTA-1,
TTGGACCATCTGGCAA-1,Tumor
TTGGACCTATAACAGT-1,Tumor
TTGGAGTCTCCCTTCT-1,Tumor
TTGGATATCGTCTACG-1,Tumor
TTGGATCGACTTCTGG-1,Tumor
TTGGATTGGGTACCAC-1,Tumor
TTGGCCATCTTGCGCT-1,Tumor
TTGGCCTAGAATTTCG-1,Tumor
TTGGCGATCCGAATAT-1,Tumor
TTGGCTCGCATGAGAC-1,Tumor
TTGGGACACTGCCCGC-1,Tumor
TTGGGACGTAAGAGTT-1,Tumor
TTGGGCGGCGGTTGCC-1,Tumor
TTGGGTTTATTCAGCG-1,Tumor
TTGGTATGGCTTGTGT-1,Tumor
TTGGTCACACTCGTAA-1,
TTGGTTCGCTCAAAGG-1,Tumor
TTGGTTGCGGTGCGCG-1,
TTGTAAGGACCTAAGT-1,
TTGTAAGGCCAGTTGG-1,Tumor
TTGTAATCCGTACTCG-1,Tumor
TTGTACACCTCGAACA-1,
TTGTATCACACAGAAT-1,Tumor
TTGTCACCGCGGTATC-1,
TTGTCGTTCAGTTACC-1,Tumor
TTGTGAACCTAATCCG-1,Tumor
TTGTGAGGCATGACGC-1,
TTGTGGCCCTGACAGT-1,Tumor
TTGTGGTAGGAGGGAT-1,
TTGTGGTATAGGTATG-1,Tumor
TTGTGTATGCCACCAA-1,Tumor
TTGTGTTTCCCGAAAG-1,Tumor
TTGTTAGCAAATTCGA-1,Tumor
TTGTTCAGTGTGCTAC-1,Tumor
TTGTTGTGTGTCAAGA-1,Tumor
TTGTTTCACATCCAGG-1,
TTGTTTCATTAGTCTA-1,
TTGTTTCCATACAACT-1,
TTGTTTGTGTAAATTC-1,Tumor
