Barcode,X Coordinate,Y Coordinate
AAACAAGTATCTCCCA-1,1693,1465
AAACAATCTACTAGCA-1,870,331
AAACAGAGCGACTCCT-1,1579,595
AAACAGCTTTCAGAAG-1,401,1299
AAACAGGGTCTATATT-1,456,1396
AAACCCGAACGAAATC-1,1873,1343
AAACCGGAAATGTTAA-1,1998,1560
AAACCGGGTAGGTACC-1,664,1274
AAACCGTTCGTCCAGG-1,860,1515
AAACCTCATGAAGTTG-1,539,1154
AAACGAAGAACATACC-1,1162,403
AAACGAGACGGTTGAT-1,1372,1103
AAACGCCCGAGATCGG-1,1773,353
AAACGTGTTCGCCCTA-1,1912,594
AAACTAACGTGGCGAC-1,1801,449
AAACTCGTGATATAAG-1,1844,812
AAACTGCTGGCTCCAA-1,1206,1345
AAACTTGCAAACGTAT-1,540,1347
AAAGACATGAAGTTTA-1,1550,257
AAAGACCCAAGTCGCG-1,940,500
AAAGCTTGCCTACATA-1,1969,884
AAAGGCTACGGACCAT-1,1027,1756
AAAGGCTCTCGCGCCG-1,1040,1587
AAAGGGATGTAGCAAG-1,1135,838
AAAGGGCAGCTTGAAT-1,635,839
AAAGGTAAGCTGTACC-1,1745,498
AAAGTAGCATTGCTCA-1,651,1492
AAAGTCACTGATGTAA-1,996,500
AAAGTCGACCCTCAGT-1,484,1154
AAAGTGTGATTTATCT-1,1581,1320
AAAGTTGACTCCCGTA-1,1609,1272
AAATAACCATACGGGA-1,1496,595
AAATAAGGTAGTGCCC-1,1872,1005
AAATACCTATAAGCAT-1,1234,1393
AAATAGCTTAGACTTT-1,1747,1126
AAATAGGGTGCTATTG-1,1373,1538
AAATCGTGTACCACAA-1,1053,1321
AAATCTAGCCCTGCTA-1,1679,1537
AAATGATTCGATCAGC-1,1816,764
AAATGCTCGTTACGTT-1,607,646
AAATGGCATGTCTTGT-1,1232,572
AAATGGCCCGTGCCCT-1,512,1444
AAATGGTCAATGTGCC-1,983,1056
AAATGTGGGTGCTCCT-1,1023,307
AAATTAACGGGTAGCT-1,1080,1080
AAATTAATAAGCGCGA-1,330,1033
AAATTACACGACTCTG-1,1468,595
AAATTACCTATCGATG-1,1580,885
AAATTCCAGGTCCAAA-1,1872,1102
AAATTGATAGTCCTTT-1,707,1588
AAATTGGTGAGAAGCA-1,1926,618
AAATTTACCGAAATCC-1,1523,402
AAATTTGCGGGTGTGG-1,734,1395
AACAACTGGTAGTTGC-1,858,935
AACAATTACTCTACGC-1,622,960
AACACACGCTCGCCGC-1,1568,1489
AACACGACTGTACTGA-1,1176,475
AACACGAGACGCGGCC-1,567,1347
AACACGCGGCCGCGAA-1,745,404
AACAGCTGTGTGGCAA-1,707,1685
AACAGGAAATCGAATA-1,1204,620
AACAGGATGGGCCGCG-1,705,960
AACAGGTAGTATGGAT-1,1845,1440
AACATATCAACTGGTG-1,1649,909
AACATCGATACGTCTA-1,1843,667
AACATTGTGACTCGAG-1,999,1805
AACCAAGACTTCTCTG-1,608,1129
AACCAGTATCACTCTT-1,1551,402
AACCATGGGATCGCTA-1,690,597
AACCCAGAGACGGAGA-1,815,621
AACCCATCCCATGATC-1,471,1613
AACCCGAGCAGAATCG-1,1846,1633
AACCCTACTGTCAATA-1,1609,1223
AACCCTGGTGGAACCA-1,1245,451
AACCGAGCTTGGTCAT-1,1246,838
AACCGCTAAGGGATGC-1,1553,1368
AACCGTTGTGTTTGCT-1,1162,548
AACCTGTCACGGAATT-1,1914,1126
AACCTTTAAATACGGT-1,1221,1563
AACCTTTACGACGTCT-1,1551,643
AACGATAATGCCGTAG-1,1290,1538
AACGATAGAAGGGCCG-1,1010,621
AACGATATGTCAACTG-1,1330,837
AACGCATGATCTGGGT-1,1718,740
AACGCGAACGGCAACA-1,579,453
AACGCGGTCTCCAGCC-1,1177,814
AACGCTGTTGCTGAAA-1,1582,1562
AACGGACGTACGTATA-1,1554,1465
AACGGCCATCTCCGGT-1,818,1395
AACGTACTGTGGGTAC-1,859,1419
AACGTAGTCTACCCAT-1,842,283
AACGTCAGACTAGTGG-1,830,839
AACGTGATGAAGGACA-1,1426,475
AACGTGCGAAAGTCTC-1,1303,1127
AACGTTATCAGCACCT-1,413,792
AACTACCCGTTTGTCA-1,1845,1392
AACTAGCGTATCGCAC-1,940,355
AACTAGGCTTGGGTGT-1,1124,1587
AACTCAAGTTAATTGC-1,886,1177
AACTCCTAATCCCATG-1,1551,547
AACTCGATGGCGCAGT-1,648,525
AACTCTCAATAGAGCG-1,1567,1102
AACTCTCAGTGTGCTC-1,846,1539
AACTGAGGTCAGCGTC-1,1815,474
AACTGAGTTATACTGA-1,2040,1488
AACTGATATTAGGCCT-1,1190,644
AACTGGGTCCCGACGT-1,1191,741
AACTGGGTTCGAGCCG-1,1509,329
AACTGGTGTGGGCCTT-1,954,428
AACTTCTGCGTCTATC-1,524,695
AACTTGCCCGTATGCA-1,650,960
AACTTGCGTTCTCGCG-1,551,598
AACTTTACGGGAGCTT-1,372,1009
AACTTTAGCTGCTGAG-1,954,379
AACTTTCTCGATCATG-1,1996,787
AAGAAATCACCAGATT-1,2024,739
AAGAAGGATCAGTTAG-1,621,574
AAGACCCAACTGAACA-1,1027,1708
AAGACTAACCCGTTGT-1,648,380
AAGACTCACGCCCACT-1,1592,281
AAGACTGCAAGCTACT-1,1219,1128
AAGAGATGAATCGGTA-1,650,912
AAGAGCTCTTTATCGG-1,1344,1103
AAGAGGATGTACGCGA-1,678,1202
AAGAGGCATGGATCGC-1,1386,1127
AAGAGGCCCTTTGGAA-1,1790,1682
AAGATGGCACCGGACC-1,818,1684
AAGATTGGCGGAACGT-1,1524,885
AAGCATACTCTCCTGA-1,1235,1538
AAGCCGAAGCGGTTTA-1,1762,1440
AAGCCGCTTTACCTTG-1,2010,715
AAGCGGAGTGCGCGCA-1,2023,545
AAGCGGCGTCATGGGT-1,1620,474
AAGCTAGATCGAGTAA-1,1220,1466
AAGCTCGTGCCAAGTC-1,1289,1103
AAGCTCTTTCATGGTG-1,1401,1635
AAGGAGAACTTATAAG-1,1065,331
AAGGAGCGGTTGGTGC-1,941,935
AAGGATCGATCGCTTG-1,1789,1199
AAGGATGAGGGACCTC-1,1483,909
AAGGCAGGCTGTCTCC-1,1914,1271
AAGGCGCGTAAAGCTT-1,802,839
AAGGCTGTGCTCATCG-1,914,983
AAGGGACAGATTCTGT-1,1552,885
AAGGTATCCTAATATA-1,1399,861
AAGGTGATAAACCAGC-1,1553,1320
AAGTAGAAGACCGGGT-1,927,718
AAGTAGTGACGCGAGG-1,705,1057
AAGTCAATTGTCGTCA-1,1678,1344
AAGTCTAGTAGCTGCC-1,2010,763
AAGTCTTCTGTGGCCT-1,317,1203
AAGTGACGACCGAATT-1,623,1250
AAGTGCAAAGGTAGAC-1,414,937
AAGTGCCTTGACTGTA-1,1720,1320
AAGTGCGTTAGAATCT-1,651,1443
AAGTGTTTGGAGACGG-1,1387,1514
AAGTTCACTCCAAGCT-1,1457,1634
AAGTTCAGTCTGCGTA-1,1718,691
AAGTTCGGCCAACAGG-1,748,1371
AAGTTTACTAATGGCA-1,1120,379
AATAACAACGCTCGGC-1,692,1129
AATAACACTAGAACAA-1,804,1515
AATAAGTCCTCGAGAC-1,1259,378
AATAATCTTCGTATCG-1,1970,1512
AATACAATGTTTCAGG-1,538,815
AATAGAACAGAGTGGC-1,915,1515
AATAGAATCTGTTTCA-1,1470,1417
AATAGCAAGCCTCCTG-1,1815,425
AATAGCTACCGCGTGC-1,1815,715
AATAGTCCGTCCCGAC-1,1068,1635
AATAGTCGCGAGTCGG-1,372,864
AATATCAAGGTCGGAT-1,857,452
AATATCCTAGCAAACT-1,304,1372
AATATCGAATCAATGC-1,1790,1440
AATATCGAGGGTTCTC-1,1677,909
AATATTGGAGTATTGA-1,581,1129
AATCATGTAAAGACTC-1,1637,1561
AATCCAAGGGCCTGAG-1,926,573
AATCCATGCAAGGGTG-1,634,453
AATCGCCTCAGCGCCA-1,1372,1200
AATCGCGCAGAGGACT-1,1859,1271
AATCGGGACACTACGA-1,1107,451
AATCTAGGTTTACTTG-1,498,1516
AATCTATGCCGGAGCC-1,1802,884
AATCTCTACTGTGGTT-1,414,1178
AATCTGCGTTGGGACG-1,1553,1030
AATCTGGCTTTCTAGT-1,484,1492
AATCTGGGTAGACCCT-1,1578,353
AATGACAGCAATGTCT-1,693,1419
AATGACGTAGGATGTC-1,1359,1321
AATGACTGTCAGCCGG-1,927,814
AATGAGTTCGCATATG-1,565,622
AATGATGATACGCTAT-1,1566,813
AATGATGCGACTCCTG-1,1677,861
AATGCAACCGGGTACC-1,1094,862
AATGCACCAAGCAATG-1,1621,716
AATGGTCCACCGTTCA-1,497,985
AATGGTTCTCACAAGC-1,760,718
AATGTGCCCGAGGTGT-1,651,1588
AATTAAAGGTCGGCGT-1,970,1225
AATTAACGGATTTCCA-1,1193,1659
AATTAGCGCTGCAGCG-1,1151,1490
AATTCATAAGGGATCT-1,1538,813
AATTCTAGAGTTAGGC-1,1151,1442
AATTGAACGCTCTGGT-1,1428,1345
AATTTGGGACATAGTA-1,1537,571
AATTTGGTTCCAAAGA-1,1204,524
ACAAACCGACAAGGCG-1,1356,257
ACAAAGAAGGTAGGCC-1,331,1372
ACAAATCGCACCGAAT-1,1415,1465
ACAAATGGTAGTGTTT-1,1442,1320
ACAAATTCAGATCTGA-1,1704,426
ACAACAGCATGAGCTA-1,1275,1031
ACAACGGTCCCTGCGA-1,691,791
ACAAGCAGTGCCTAGC-1,636,984
ACAAGCTATATGGAAG-1,289,1154
ACAAGGAAATCCGCCC-1,1318,1441
ACAAGGCCTACCAGCC-1,1745,353
ACAAGGGCAGGCTCTG-1,1331,1321
ACAATAGTCGTACGTT-1,553,1274
ACAATCCATTTAAACC-1,720,1129
ACAATCGATCTTTATA-1,1134,306
ACAATGAATACGGAGA-1,707,1636
ACAATGATTCTTCTAC-1,1829,449
ACAATTGTGTCTCTTT-1,1623,1489
ACAATTTAGGAGGCTC-1,400,1009
ACAATTTGAGCAGTGG-1,1413,934
ACAATTTGGCCATATT-1,1984,1295
ACACAAAGACGGGTGG-1,1052,838
ACACAAATATTCCTAG-1,1996,594
ACACACCAGGACCAGT-1,1526,1320
ACACACTTTCTACACG-1,1162,596
ACACCACATAATTAGC-1,1900,1005
ACACCCAGCATGCAGC-1,969,838
ACACCCGAGAAATCCG-1,816,718
ACACCTTAAGTAGGGC-1,872,863
ACACCTTACTACTTGC-1,1817,1247
ACACGAGACTCCTTCT-1,1261,1007
ACACGGCACTATGCAT-1,1259,427
ACACGGGAACTTAGGG-1,1261,910
ACACGTAGGCCACAAG-1,1804,1658
ACACTCCAATGTCACT-1,510,670
ACACTGATCAAGGTGT-1,943,1515
ACAGAACTGAGAACAA-1,610,1516
ACAGATTAGGTTAGTG-1,1065,427
ACAGCATAGAGCCAGT-1,1079,500
ACAGCGACATTCTCAT-1,1652,1682
ACAGCGCACCCGCAGC-1,1384,499
ACAGGCTTGCCCGACT-1,1484,1538
ACAGGTGGAGGTGAGG-1,818,1491
ACAGGTGTGTTGTTGC-1,275,1179
ACAGTAATACAACTTG-1,470,1371
ACAGTATACCGTGGGA-1,1927,715
ACATAATAAGGCGGTG-1,1149,765
ACATCAGCTGGGACGC-1,442,1033
ACATCCCGGCCATACG-1,1068,1587
ACATCCTGGTAACTGT-1,1692,1271
ACATCGATCGTTTACC-1,1137,1273
ACATCGGTCAGCCGCG-1,789,1250
ACATCGTATGCAATGG-1,1401,1345
ACATCGTTAACCTAGT-1,1315,475
ACATCTCAACGCGTAA-1,1301,354
ACATGGCGCCAAAGTA-1,1720,1223
ACATTAGTTTATATCC-1,1123,1490
ACCAAACACCCAGCGA-1,1871,667
ACCAAACTAGAAATCC-1,1203,330
ACCAACACCACACACT-1,1802,739
ACCAACGCTTATTTAT-1,957,1539
ACCAAGAACGCGTGTC-1,954,669
ACCAATATGCAAGTTA-1,1360,1610
ACCACAACTCAGAACA-1,1398,426
ACCACAAGTTTCTATC-1,1025,983
ACCACCAATGTAACAA-1,1761,1247
ACCACCCTCTCTTCTA-1,1955,811
ACCACGTGCAGCTATA-1,1331,1417
ACCAGACCATAACAAC-1,331,1178
ACCAGCCCGGTCTTTG-1,1273,354
ACCAGGAGTGTGATCT-1,1037,331
ACCAGTGCCCGGTCAA-1,1704,474
ACCAGTGCGGGAGACG-1,1581,1417
ACCATATCCGCAATAA-1,1053,1176
ACCATCCGCCAACTAG-1,442,1323
ACCATCGTATATGGTA-1,859,1274
ACCCAACGCCCGTGGC-1,1469,982
ACCCACCTACATGCTC-1,622,863
ACCCATCTTGAGGGTA-1,789,1153
ACCCGGAAACTCCCAG-1,1179,1635
ACCCGGAGCACCACAA-1,1985,1681
ACCCGGATGACGCATC-1,1664,1175
ACCCGGTTACACTTCC-1,942,1273
ACCCGTGTCATCAGTA-1,1027,1660
ACCCTATAGGACTGAG-1,551,550
ACCCTATGCCATATCG-1,832,1612
ACCCTCCCTTGCTATT-1,1442,1417
ACCCTGGTAACGCCCT-1,1871,763
ACCCTTCATCTGCGAA-1,1176,572
ACCCTTGCCTGGGTCG-1,2024,642
ACCCTTTAGTTCTCCA-1,1384,402
ACCGAAAGGGCCCTGC-1,1009,476
ACCGACTGAGTCCCAC-1,1191,934
ACCGATAGGCATAACC-1,1915,1706
ACCGATATTTAATCAT-1,1943,1561
ACCGATGGTAGCATCG-1,1553,1127
ACCGCAATAACTGCCT-1,1373,1490
ACCGCGGTGGAAGTCG-1,1748,1319
ACCGGGCCTTTGTTGA-1,1637,1368
ACCGGTCTGAGTACGG-1,1662,353
ACCGTTCCCGCTCTGA-1,1176,379
ACCTAAGTACCTTTCA-1,693,1467
ACCTAATCGACTTCCT-1,692,1032
ACCTACAGTATGTGGT-1,1845,1247
ACCTCCGCCCTCGCTG-1,1762,1585
ACCTCCGTTATTCACC-1,1830,1078
ACCTGCGTGTCATGTT-1,526,1371
ACGAAATGGGCGGCAC-1,608,1033
ACGACCCATGAGTTGC-1,2013,1681
ACGAGAACCCATCACG-1,745,452
ACGAGATATTTGCTTA-1,1398,475
ACGAGGATACCACTCT-1,526,1468
ACGAGGTTTACAACGT-1,457,1637
ACGAGTACGGATGCCC-1,1719,933
ACGATACATAGAACTA-1,1385,789
ACGATCATACATAGAG-1,1149,862
ACGATCATCTTGTAAA-1,1692,1126
ACGATGCATATGTTAT-1,872,1153
ACGATGGATCCGATGC-1,1246,499
ACGCAATCACTACAGC-1,1788,860
ACGCATAAATGACATG-1,1815,377
ACGCATACGTTTACTA-1,1693,1610
ACGCATTCGTGAGTAC-1,1122,1055
ACGCCAGATGATTTCT-1,1288,668
ACGCCCAGCTGTCGAT-1,1259,330
ACGCCGCTAGACGACC-1,1262,1297
ACGCGAAGTCAGACGA-1,1095,1442
ACGCGCTACACAGGGT-1,706,1250
ACGCGGGCCAAGGACA-1,1136,1080
ACGCTAGTGATACACT-1,1663,933
ACGCTGTGAGGCGTAG-1,456,1202
ACGCTTAGTGTCTCTC-1,1398,330
ACGGAATTTAGCAAAT-1,649,622
ACGGAGCGCAAATTAC-1,1774,691
ACGGATGGTGCGGATA-1,1374,1635
ACGGCACTTGCTTGGG-1,1109,1515
ACGGCCAACATGGACT-1,1040,1539
ACGGCGACGATGGGAA-1,1345,1441
ACGGCGGGTTGCCCTG-1,704,380
ACGGGAGTGTCGGCCC-1,623,1395
ACGGGCGTATGCGACA-1,1913,836
ACGTACAGATTTCTCT-1,1190,499
ACGTAGATTGCTGATG-1,1205,1055
ACGTATTACTCCGATC-1,1623,1247
ACGTCCTAAACGAGAT-1,1134,258
ACGTCTCGTTCCGGGA-1,359,1323
ACGTGACAAAGTAAGT-1,332,1517
ACGTGCGCCTCGTGCA-1,1149,669
ACGTGGTCGAATGTGC-1,1356,306
ACGTTAATGTCGAAGA-1,1234,1248
ACGTTAGATTTGCCCG-1,817,1201
ACGTTATTGGTCACTC-1,455,719
ACGTTCCGCGCTCCGT-1,1023,452
ACGTTCGCAATCAATT-1,1844,1053
ACGTTCGTTCAGGAAA-1,888,1708
ACGTTTAGTTGTGATC-1,1218,596
ACTAAGGACGCACACC-1,2037,521
ACTAATACGTCAGGCG-1,1634,450
ACTACCAGCTCTCTGG-1,844,863
ACTACGCGTTAGAATT-1,1054,1708
ACTAGTTGCGATCGTC-1,1720,1465
ACTATATGCTGTGTTC-1,1732,570
ACTATCCAGGGCATGG-1,1775,1174
ACTATCTGCCCGCGTA-1,1846,1537
ACTATTCGTCCGTGGT-1,1301,596
ACTATTTCCGGGCCCA-1,846,1684
ACTCAACGAATGTATT-1,732,428
ACTCAATAAAGGCACG-1,1233,862
ACTCAGACCTGCTTCT-1,871,476
ACTCCCATTCCTAAAG-1,512,1395
ACTCCCGAATTCGTTT-1,1719,1030
ACTCCCGTAGACTAGG-1,1982,763
ACTCCCTAATGCTAAA-1,1235,1635
ACTCCCTAGAATAGTA-1,1248,1417
ACTCGATGTATTTCAT-1,413,695
ACTCGCGATCTGACGC-1,2025,1270
ACTCGTAACCCGTCCT-1,595,1443
ACTCGTCAGTAATCCC-1,1358,1127
ACTCTCTGACTTAGGT-1,1359,1272
ACTCTCTTATACACGA-1,1440,450
ACTCTTCAGCTCCCGC-1,2025,1125
ACTCTTGTATAGTAAC-1,1247,1128
ACTGAAACGCCGTTAG-1,1568,1634
ACTGAATGGCGAAAGT-1,1429,1393
ACTGATTTAGTGATTC-1,1384,354
ACTGCCGTCGTAACTC-1,1246,644
ACTGCGGACACACCGT-1,1928,1150
ACTGCTCGGAAGGATG-1,401,1541
ACTGGCGAACCTGCGT-1,2023,497
ACTGTACGATACACAT-1,1358,982
ACTGTAGCACTTTGGA-1,816,911
ACTGTATACGCGAGCA-1,773,501
ACTGTCCAGGATTATA-1,1039,1056
ACTGTCTTCTTTAGAA-1,1164,983
ACTGTGCTAGTAGATC-1,704,573
ACTGTTTAGTGTAGGC-1,1092,331
ACTTACCGGGCGCGCA-1,1593,522
ACTTACGCATCCACGC-1,1360,1659
ACTTAGTACGACAAGA-1,718,597
ACTTATACTTACCCGG-1,1525,1127
ACTTATTAGGATCGGT-1,997,1177
ACTTATTTATGTGCCA-1,1526,1368
ACTTCAGGCTGATCCC-1,1401,1490
ACTTCGCCATACGCAC-1,1316,910
ACTTCGCTAGCGAGTG-1,2038,1005
ACTTGACTCCCTCTTT-1,1275,1272
ACTTGCCATATTGTAC-1,1051,355
ACTTGGGACCCGGTGG-1,955,959
ACTTGTAGTCCCTTCA-1,415,1323
ACTTGTGGATGGAACG-1,1776,1513
ACTTTACCCTCATGAA-1,1747,1029
ACTTTCCTATAGCTTC-1,1136,935
ACTTTGACTGCATCCT-1,428,1202
ACTTTGTCGACGCACT-1,1943,1609
AGAAATTATGACTCGC-1,1873,1537
AGAACCCAGCGTGACA-1,1998,1319
AGAACGTGGTACATTC-1,1288,910
AGAAGAGCGCCGTTCC-1,1497,1175
AGAAGGTACACTTCAC-1,471,1516
AGAAGGTTGCCGAATT-1,887,1274
AGAAGTGATTCGTGAT-1,665,1419
AGAATAAATCTTCAGG-1,428,1154
AGAATGCGGGTTCGGA-1,1773,546
AGAATTATGGATTCGA-1,1636,1030
AGAATTGTTTGACATA-1,593,670
AGACAGCTCAGAATCC-1,441,791
AGACAGGCATCTCAGC-1,2012,1585
AGACATAGATCCTTCC-1,926,428
AGACCAAACCACACCT-1,401,1492
AGACCATGGGATACAA-1,663,791
AGACCCACCGCTGATC-1,1179,1442
AGACCCGCCCTCCTCG-1,1052,886
AGACCGCTCCGCGGTT-1,1818,1488
AGACCGGGAAACCCTG-1,512,1250
AGACGAAGTGCCGGTC-1,1623,1441
AGACGACGATGCCGCT-1,735,1540
AGACGCCCACTTCGCC-1,1943,1706
AGACGGGATTGGTATA-1,1370,281
AGACGGGCCGATTTAA-1,1690,450
AGACTAGCCTTCCAGA-1,913,935
AGACTGTTACCGGGTC-1,902,1781
AGAGAACCGTCTAGGA-1,1497,885
AGAGATCTCTAAAGCG-1,525,1226
AGAGCCGCCGAGATTT-1,1832,1658
AGAGCGCTTGTAACGG-1,2038,715
AGAGCGGGCTAATCAT-1,1163,645
AGAGCGTACAAGCTCG-1,663,839
AGAGCTACGAAAGCAT-1,496,501
AGAGGCTTCGGAAACC-1,1679,1489
AGAGGGACAATTGTCC-1,1926,425
AGAGGTATCTCGGTCC-1,981,331
AGAGTAAACTTCACTA-1,1748,1416
AGAGTATAGTGTTACG-1,1969,932
AGAGTTAGAGACCGAT-1,1634,402
AGAGTTGCAGGCCTCC-1,2009,521
AGATAACTTCAGGGCC-1,886,1032
AGATACCAGCACTTCA-1,1913,642
AGATACCGGTGTTCAC-1,803,1225
AGATACGACTTCATAT-1,760,621
AGATACTCAAGATCGA-1,1415,1369
AGATCGTGCATAAGAT-1,1621,764
AGATCTCAGGTGTGAT-1,1316,958
AGATGACTCGCCCACG-1,1038,766
AGATGAGGGTTGCGAT-1,1635,595
AGATGATGGAGTCTGG-1,1747,1078
AGATGCAAGACGTGCA-1,610,1661
AGATGCATCCTGTGTC-1,359,1420
AGATTATAGGACGTTT-1,1025,1128
AGATTCAAGCGGGTCG-1,1814,329
AGATTCACAACCGATA-1,457,1541
AGCAACATATCTTATT-1,1567,1247
AGCAACCGAAAGTAAT-1,554,1613
AGCACCAGTACTCACG-1,1177,910
AGCACTACCGGCCTGT-1,553,1081
AGCACTACCTCACCAG-1,1401,1538
AGCACTTAAGGACGCC-1,761,1008
AGCAGCCAGATGAATA-1,1082,1611
AGCATATCAATATGCT-1,1595,1489
AGCATCATTTCGAAAG-1,540,1540
AGCATCGTCGATAATT-1,996,790
AGCCACTCCCGTGCTT-1,1399,813
AGCCCATACATGTAAG-1,637,1274
AGCCCGGTAGCCTGTA-1,957,1732
AGCCCTAAGCGAAGTT-1,1176,620
AGCCCTGTCGCACCGT-1,1956,1246
AGCCCTTCTAATCCGA-1,1704,667
AGCCGCAAATTCAAAT-1,317,1154
AGCCGTGGCTAAATGT-1,582,1468
AGCCTAATACCCACGT-1,471,1468
AGCCTTAAAGCGGAAG-1,482,767
AGCGACAGGAACGGTC-1,790,1491
AGCGACATCCCATTCA-1,1093,669
AGCGACCAACGATATT-1,1038,862
AGCGCATAATGAATCG-1,1040,1636
AGCGCGGGTGCCAATG-1,1552,837
AGCGCTAGAGCGATGT-1,1970,1222
AGCGCTTATGGGCAAG-1,1606,450
AGCGGCGGTTAGCGGT-1,443,1468
AGCGGGAAGGGTCCAT-1,787,573
AGCGGTTGAGATGTAC-1,1523,257
AGCGGTTGCCGCTCTG-1,1885,691
AGCGTACGAGAGCTAG-1,607,453
AGCGTCTGAACCCGCA-1,773,404
AGCGTGGTATTCTACT-1,1262,1345
AGCGTTCCGATTTAAA-1,1551,305
AGCTAACAAGCAATGT-1,735,1733
AGCTAGAAGCAGAAGT-1,1649,764
AGCTATTTAATCCAAC-1,1301,644
AGCTCCATATATGTTC-1,1790,1633
AGCTCCTTCGCACATC-1,1471,1514
AGCTCGTTGATGGAAA-1,1996,642
AGCTCTAGACGTTCCA-1,1331,1176
AGCTCTTCCCAGTGCA-1,1496,692
AGCTCTTCGTAACCTT-1,1761,1199
AGCTCTTTACTCAGTT-1,900,1249
AGCTGAAGTAAACCAA-1,1441,740
AGCTGTAACCTCAATC-1,665,1564
AGCTTATAGAGACCTG-1,926,379
AGCTTGATCTTAACTT-1,595,1250
AGGAAGCTGTCCGCCG-1,1180,1732
AGGACAGTCGAATCCC-1,1456,1296
AGGACATCGCACGTCG-1,802,646
AGGACGACCCATTAGA-1,901,1298
AGGACGCTCGATGTTG-1,1635,692
AGGAGACATCCACAGT-1,1969,836
AGGAGAGTCTGGCTAC-1,2024,884
AGGAGGCCTTCGCGCG-1,1637,1513
AGGATAAAGTCGGGAT-1,1179,1539
AGGATATAGGGATTTA-1,1609,1368
AGGATCACGCGATCTG-1,498,1420
AGGATTGCTTACGACA-1,1941,981
AGGCAAAGAGGAATCA-1,814,283
AGGCACGTGACTGTCC-1,1874,1633
AGGCAGATGCGTAAAC-1,1469,885
AGGCAGGGAGCGTACT-1,957,1684
AGGCATTGTCGTAGGG-1,1651,1441
AGGCCACATTGGTTAC-1,2026,1367
AGGCCCATTGTACAGG-1,1038,621
AGGCCCTAGAACGCCA-1,623,1347
AGGCGATAACTGGCGT-1,1971,1657
AGGCGTCTATGGACGG-1,1829,643
AGGCTATGGTTAGCTT-1,691,887
AGGCTTCCCGAAGAAG-1,859,1467
AGGCTTGCTAGACACC-1,524,840
AGGGAAACGAGGTACT-1,1510,571
AGGGACAGCACGGCGG-1,912,355
AGGGACCGGCTGCGTT-1,1803,1126
AGGGACTCTACGCGAC-1,1012,1587
AGGGAGACATACTTCG-1,1844,957
AGGGCAGCGGCGTGGT-1,1301,451
AGGGCGAGCAGCTGAT-1,553,1323
AGGGCGTGATCGGCTA-1,899,669
AGGGCTGCAGTTACAG-1,1178,1104
AGGGTCAGTAACCCTA-1,1843,618
AGGGTCGATGCGAACT-1,1622,1151
AGGGTGCTCTCGAGGG-1,1553,1078
AGGGTGGATAGTGCAT-1,427,961
AGGGTTCCCTTTGGTT-1,1497,982
AGGGTTTAGTTCGGGA-1,1150,1055
AGGTAACCTCCTATTC-1,843,573
AGGTACGATATTGCCA-1,1329,547
AGGTAGGTACAAAGCT-1,706,1105
AGGTATAATTGATAGT-1,1789,1102
AGGTATGCGGACATTA-1,1997,1174
AGGTCAGGTGAGAGTG-1,554,1371
AGGTCGCCTCCCAACA-1,1957,1730
AGGTCGCGGAGTTACT-1,1719,885
AGGTGTATCGCCATGA-1,511,1154
AGGTTACACCATGCCG-1,1873,1295
AGGTTGAGGCACGCTT-1,1302,789
AGGTTTCACACACCTT-1,1206,1248
AGTAACGTTCATCCTG-1,1537,378
AGTAATGTCTTGCCGC-1,1107,645
AGTACATCATTTATCA-1,1788,957
AGTACCTTCGAGTGCT-1,1773,498
AGTACGGCCCGTATCG-1,428,1106
AGTACGGGCACCTGGC-1,1372,861
AGTACGTGGCCTGTCT-1,1495,402
AGTACTCTTATGCCCA-1,1499,1610
AGTAGCGTGAACGAAC-1,1273,306
AGTAGCTAGACGCCGA-1,1690,353
AGTAGGAAGGAAGTTG-1,1635,643
AGTAGGTAACATACAT-1,982,573
AGTATAATACTAGGCA-1,733,863
AGTATACACAGCGACA-1,944,1805
AGTATGCTGGAGACCA-1,638,1661
AGTATTTGGCACGACC-1,999,1660
AGTCAACACCACCATC-1,928,1249
AGTCAAGATGACACTT-1,1526,1417
AGTCACTAGCTCTCGA-1,1651,1586
AGTCACTCCGCCTCAT-1,690,404
AGTCAGCCACCGCCTG-1,663,646
AGTCCATTGGCTGATG-1,1664,1271
AGTCCCGCCTTTAATT-1,1565,668
AGTCCCTCGCAGAAAG-1,1996,835
AGTCGACGGTCTCAAG-1,1525,1175
AGTCGGCCCAAACGAC-1,816,863
AGTCGGCTCAACTTTA-1,595,1395
AGTCGGTTGCGTGAGA-1,1831,1223
AGTCGTCGACCACCAA-1,1540,1634
AGTCGTGGGCATTACG-1,679,1492
AGTCTAAAGTATACTC-1,1816,957
AGTCTCACAAGACTAC-1,693,1564
AGTCTGGACATCCTTG-1,552,695
AGTCTTCTCCTCAAAT-1,1191,838
AGTGAACAAACTTCTC-1,1692,1320
AGTGAAGATGGTGTCC-1,1954,763
AGTGACCTACTTTACG-1,998,1322
AGTGAGACTTCCAGTA-1,1483,1103
AGTGAGCCTCGCCGCC-1,1705,957
AGTGAGGGTTTCTGAC-1,1495,450
AGTGATATGAGTAGTT-1,956,1346
AGTGATTCAAGCAGGA-1,1483,1054
AGTGCACGCTTAAGAA-1,1609,1513
AGTGCGTAGCTCGTAA-1,859,1370
AGTGCTTGCACGAATA-1,1511,1248
AGTGGCGGCAATTTGA-1,1580,837
AGTGGCTCCGTCGGCC-1,442,1226
AGTGGTGTTACCCGTG-1,401,1396
AGTGGTTGCGTATAGG-1,372,1106
AGTGTATTGCGCATTG-1,1593,667
AGTGTGGTCTATTGTG-1,594,767
AGTTAAACACTTGCGA-1,886,1225
AGTTAAGCGGTCCCGG-1,1385,644
AGTTAAGTCAACCGCT-1,623,1492
AGTTACCCTTAAGACT-1,385,840
AGTTACCGCACATGGT-1,469,888
AGTTACTCTATCGTGG-1,1510,619
AGTTATTGAAAGGTAA-1,1301,306
AGTTCACCGGTTGGAC-1,385,743
AGTTCCTACAGAATTA-1,969,983
AGTTCCTATTTATGTT-1,1178,1297
AGTTCTGCGTTGTATC-1,537,574
AGTTGACATCGGCTGG-1,635,501
AGTTGCTGACTGATAT-1,524,646
AGTTTATGTAAAGACA-1,1955,860
AGTTTCGCAGGTCGGA-1,1135,548
AGTTTGCACCTGCCTC-1,1304,1659
AGTTTGGCACGGGTTG-1,1692,1416
AGTTTGGCCAGACCTA-1,706,1395
ATAAACCATTGGACGG-1,898,331
ATAAACGGACCCGTAA-1,1123,1394
ATAAACGTTGCACCAC-1,1762,1634
ATAAAGGCTCGGTCGT-1,969,1080
ATAAAGGTCAAGTACG-1,1453,378
ATAAATATTAGCAGCT-1,664,1177
ATAACGCCGGAGGGTC-1,1400,1103
ATAACGGAGTCCAACG-1,1316,862
ATAACGTTACCTCCAC-1,1857,498
ATAAGCAAACACCGAG-1,2009,473
ATAAGGTGGAGAACAT-1,1276,1466
ATAAGTACCCGATTGT-1,1843,473
ATAAGTAGGATTCAGA-1,1705,909
ATAAGTAGGGCGACTC-1,1775,1126
ATAAGTTACCGCGACG-1,998,1370
ATAATACCGTTAGCCG-1,496,646
ATAATAGCTGTTGAAT-1,1151,1394
ATAATAGTGTAGGGAC-1,691,694
ATACAGGCCCTCCAAT-1,1276,1611
ATACCACGGGCAACTT-1,678,1105
ATACCAGCAAATTGCT-1,1106,355
ATACCAGGCTAATAGA-1,1037,476
ATACCAGGTGAGCGAT-1,1037,282
ATACCGTCATCCATAA-1,1871,618
ATACCTAACCAAGAAA-1,1165,1659
ATACGAAGGCTTTCCA-1,1983,1150
ATACGCCGGCGAAACC-1,1359,1224
ATACGGAACGTCGTTT-1,582,1613
ATACGGGTTTCGATTG-1,1413,789
ATACGGTGAAGATGCA-1,428,1057
ATACGTACTTAGCCAC-1,1346,1586
ATACGTCCACTCCTGT-1,1567,1392
ATACTACCCGTACCAC-1,1735,1682
ATACTAGCATGACCCT-1,1121,765
ATACTCTCGCCACTCT-1,621,477
ATACTGCCTTACACCG-1,1443,1659
ATACTTGTTCTCGAGC-1,414,985
ATAGACAACGGGACCT-1,1552,933
ATAGACGAAGAGAAAG-1,900,1056
ATAGAGTACTGGGACA-1,941,887
ATAGAGTTATCAACTT-1,1566,909
ATAGATTTGCAGTCGG-1,1203,282
ATAGCCTCAGTACCCA-1,468,695
ATAGGAATCTAAGCTT-1,1703,377
ATAGGCGGCTATAGAA-1,734,1298
ATAGGCTAGCTTCGCA-1,1621,861
ATAGGGATATCCTTGA-1,1260,765
ATAGGTTGGGCAGATG-1,1163,934
ATAGTCTTTGACGTGC-1,1204,427
ATAGTGAAGCGTTCTC-1,1067,1249
ATAGTTCCACCCACTC-1,1692,1175
ATATAAAGCGCTCGTG-1,1221,1659
ATATAAATGTAGCTGC-1,1304,1562
ATATACATGTATGGTA-1,290,1444
ATATCAACCTACAGAG-1,1733,1150
ATATCGGTAGGGAGAT-1,1803,1174
ATATCGTGCCAGACCC-1,1370,330
ATATCGTTCCTCGAAC-1,1554,1658
ATATCTCCCTCGTTAA-1,1482,716
ATATCTTAGGGCCTTC-1,1122,1104
ATATGTCTCCCTAGCC-1,1622,1102
ATATGTGCACAAACCA-1,1926,473
ATATTCAGTTAAACCT-1,831,1322
ATATTCCACATAGTGA-1,1345,1490
ATATTCCCACAGGTCA-1,1093,524
ATATTGCTGTCAAAGT-1,718,694
ATATTGGAGAGGCCTT-1,1957,1681
ATATTTAACCCTCAAG-1,1039,1007
ATCAAACACTGTTCCA-1,1762,1392
ATCAAACGAAGGTTTG-1,734,1443
ATCAATCTGGGCTGCA-1,1178,1055
ATCACATTAGAATATC-1,1413,740
ATCACGTGCTAATTAA-1,776,1370
ATCACTTCATCCTCGC-1,1205,765
ATCAGACGGCACGCCG-1,859,1322
ATCAGCCTCATGCTGC-1,1485,1634
ATCAGCTCGTCCACTA-1,484,1444
ATCAGGTAGCTGACAG-1,2039,1053
ATCAGGTCGCCATTGC-1,1579,450
ATCAGTAGGCAGGGAT-1,1482,813
ATCATCCAATATTTGT-1,1095,1200
ATCATCTGCCCAGTGT-1,1439,305
ATCATGGACTACCGAC-1,2025,1319
ATCCAACGCAGTCATA-1,788,863
ATCCAATGGAGGGTCC-1,651,1298
ATCCAATGGTACCGAA-1,359,1130
ATCCACGCTAAATGTT-1,1426,378
ATCCACTTTCAGACTA-1,1870,425
ATCCAGAGCAACAACC-1,998,1467
ATCCAGGATTCGTGAA-1,914,1225
ATCCTACCTAAGCTCT-1,942,1322
ATCCTGAATCGCTGCG-1,636,1178
ATCCTGCGTGGAATGG-1,928,1346
ATCCTGCTGCAGATAG-1,884,404
ATCCTTCTGAAAGAAC-1,2026,1415
ATCGACCCAATACAGA-1,1151,1297
ATCGACTCTTTCCGTT-1,1121,814
ATCGCACGCCGGGAGA-1,1066,862
ATCGCCAGTCAACATT-1,1734,1344
ATCGCTGCGTGCAGCA-1,1816,812
ATCGCTTTACGTCTCA-1,2011,1101
ATCGGAGACAGACGGC-1,1332,1514
ATCGGCAAGCAGTCCA-1,1607,740
ATCGGTTACCTAGTAA-1,386,1082
ATCGTTAGCTAGCGGA-1,1638,1658
ATCGTTCACTTTCGCC-1,1579,498
ATCTAATATCCTACGG-1,1207,1587
ATCTCCCTGCAATCTA-1,1274,644
ATCTCGTGAGCGAAAC-1,1887,1416
ATCTGATAGTGTCTTA-1,440,647
ATCTGCACCTCTGCGA-1,1677,957
ATCTGGTTAAGACTGT-1,1330,886
ATCTGTAATTGTACCC-1,1065,621
ATCTTGACCTGCAACG-1,886,887
ATCTTGACTTGTCCAA-1,1775,981
ATCTTTCGTATAACCA-1,1941,884
ATGAAGCCAAGGAGCC-1,913,790
ATGAAGTGGACCCAGC-1,330,985
ATGACGCCGGCTCTAA-1,1079,645
ATGACGCGTTCTATCC-1,693,1516
ATGACTATCAGCTGTG-1,874,1781
ATGACTATGCGACATT-1,1498,1417
ATGAGGAGTGTTAATC-1,760,863
ATGAGGGCAGCGGCTA-1,1942,1271
ATGATCGGGAATAGAC-1,1024,645
ATGATGCAATGGTACA-1,970,1322
ATGCACTACCGCATTG-1,899,911
ATGCATGATCCAGGAT-1,1177,862
ATGCATTCCGTGATGG-1,995,355
ATGCCAATCGCTCTGC-1,1732,619
ATGCCATTTGCGACCA-1,1539,1296
ATGCCGGTCTTGCATA-1,1316,1007
ATGCCGGTTGATGGGA-1,1427,716
ATGCGACAATTGGTCC-1,1787,570
ATGCGACAGTCCCATT-1,1261,1103
ATGCGAGTCCCACCAC-1,1720,1416
ATGCTCAGTGTTGCAT-1,677,767
ATGCTTAGGAGTTGAT-1,1832,1609
ATGGAAATTTAAGGAG-1,374,1541
ATGGAACCTTTGCACA-1,1942,1174
ATGGAGCAGGCCGTGA-1,1192,1128
ATGGATCCGGCGTCCG-1,1371,716
ATGGATTGACCAAACG-1,1122,910
ATGGCAGCCGAGAAAC-1,400,1057
ATGGCGGAATAGTCGC-1,1997,1077
ATGGCTGGAAATGGCC-1,1565,474
ATGGGAACGGAAGCGG-1,1495,354
ATGGGCCTCGGCCTCT-1,1540,1344
ATGGTCGCGTGGTTTC-1,1456,1344
ATGGTGCTCAAAGCCA-1,1064,282
ATGGTTACGAAACATG-1,1884,401
ATGTAAGGCTGCTCTT-1,1830,1029
ATGTGAAAGCCTAATG-1,581,1371
ATGTGCATCCGACGCA-1,1066,814
ATGTGGACATCTTGAT-1,1262,1393
ATGTGTAGTTTAGTCA-1,1092,379
ATGTTACGAGCAATAC-1,677,622
ATGTTCGTCGACCCAC-1,469,1081
ATGTTTCGGCCCGGAG-1,2011,1053
ATGTTTGTAAGATCAT-1,1717,305
ATTAAACATGCGGACC-1,1095,1297
ATTAATACTACGCGGG-1,1191,789
ATTAATGAACCAGTCG-1,1371,813
ATTAATTCGGTCACTC-1,1190,596
ATTACAACTACCGGCC-1,1482,523
ATTACATGTCAGTCTT-1,1776,1464
ATTACCACACTGCCTG-1,1915,1416
ATTACGACTCCACAGT-1,1954,715
ATTACGCGCTGGCAGG-1,692,1226
ATTACTAGCCTCTTGC-1,885,694
ATTACTTACTGGGCAT-1,1663,788
ATTAGATTCCTCAGCA-1,1733,860
ATTAGATTGATAGCGG-1,955,718
ATTAGGCGATGCTTTC-1,1261,1152
ATTATACTTTGCTCGT-1,1357,692
ATTATAGCTACTTTAC-1,1872,1053
ATTATCTCGACAGATC-1,1120,427
ATTATGCCATAGGGAG-1,1010,766
ATTATTATGTCCGTCA-1,791,1685
ATTCAACCATTTAAGG-1,1665,1658
ATTCACTGATGTTGGA-1,1221,1611
ATTCAGGACCTATTTC-1,1635,740
ATTCAGGATCGCCTCT-1,1481,281
ATTCAGTAGCAGGGTC-1,622,912
ATTCATATACTGTCCA-1,1109,1370
ATTCCCACATAAACAA-1,608,888
ATTCCTAAGACGTGGA-1,1760,619
ATTCCTCCGCCAGTGC-1,816,815
ATTCCTTCCAGGCGGT-1,607,501
ATTCGACGCCGGGCCT-1,636,1129
ATTCGCAGAGGACACT-1,2023,594
ATTCGTGCTATCTCTT-1,1803,1271
ATTCTCGTCTCTTTAG-1,982,524
ATTCTGAGTATGAACT-1,1467,402
ATTCTTCGTACTTATG-1,1482,474
ATTGAAGATCTTAGTG-1,955,1008
ATTGACCGGCGATGAC-1,1857,739
ATTGACGTAACTCGGT-1,1273,451
ATTGATAGCAACGAGA-1,579,549
ATTGATCACCACATTT-1,387,1517
ATTGATGAGTCCTAAC-1,1650,1054
ATTGCGATCAGTAACT-1,1651,1489
ATTGCTGCTCCTCCAT-1,872,1104
ATTGGATTACAGCGTA-1,1693,1561
ATTGGGAATATCTTGG-1,996,548
ATTGGGAGTTCTGTAA-1,1856,449
ATTGTACAACTCGGCT-1,1705,1102
ATTGTCGCAATACCTT-1,1454,620
ATTGTGACTTCGCTGC-1,1787,522
ATTGTTCAACGATCCG-1,1984,1536
ATTTAACTCGTATTAC-1,996,597
ATTTACAGTTTACTGG-1,802,984
ATTTACTAAGTCCATT-1,1816,1005
ATTTCATTATTTCGCG-1,1357,596
ATTTCCGGGTTCTGCG-1,763,1588
ATTTGCCTAGTTACGA-1,1120,282
ATTTGCGCGAGTAGCT-1,707,1540
ATTTGTCTTGGGAGCT-1,1442,1224
ATTTGTTCCAGGGCTC-1,1260,717
CAAACGAGTATCGCAG-1,929,1394
CAAACGGTCGCACTTT-1,830,984
CAAACGTGGTCTTGCG-1,1356,354
CAAACTACGATAGAGA-1,1440,547
CAAACTATTGAGCTTC-1,1315,523
CAAACTCGCGACGCCG-1,1817,1343
CAAAGATTATTGGGCC-1,693,1612
CAAAGGTCATCTGAAA-1,1998,1367
CAAAGGTTAAATTCAG-1,1870,377
CAAATCTCTCACAAGG-1,609,1323
CAAATGCGGAGTGTTC-1,1078,258
CAAATGTCCTTCCGTG-1,1012,1346
CAAATTGGATTATGCC-1,1885,787
CAAATTGTCAGCAAGC-1,1204,572
CAACACATCTCCTGCC-1,1941,1029
CAACAGAATAACGCTA-1,1564,281
CAACCAGTGGCCTACC-1,1874,1730
CAACCTGAACCTGCCA-1,1983,860
CAACGACCCGTTTACA-1,968,742
CAACGGTTCTTGATAC-1,802,694
CAACGTGGTGGAGTCT-1,1846,1585
CAACTATATCGAATGC-1,1371,620
CAACTCCAACGTTTAG-1,1467,354
CAACTCCGTAACTTGC-1,1926,570
CAACTCCTTGATCCCG-1,913,694
CAACTGAGGGTATGAC-1,1940,497
CAACTGCTCATCCGAT-1,1041,1684
CAACTTGTAGTGGGCA-1,843,476
CAAGAAACCCTAAACT-1,1954,425
CAAGACTCAGAAGCGC-1,2025,980
CAAGAGGGCGGAGTAC-1,1303,1369
CAAGATATTATAACGT-1,1512,1344
CAAGCAACGTCGGAGT-1,803,1032
CAAGCACCAAATGCCT-1,1191,693
CAAGCGGCACATAATT-1,1276,1562
CAAGGATCGCATGTTC-1,1220,1224
CAAGGTCCTATAGGCT-1,1803,1078
CAAGTGAACTTTGGTT-1,1023,403
CAAGTGTGGTTGCAAA-1,1581,1223
CAATAAACCTTGGCCC-1,1302,886
CAATACGAGAGTCTGA-1,1942,1319
CAATACGCTCTGAGGC-1,414,1227
CAATATGTAGATTTAC-1,1731,377
CAATATTCTTGACCTA-1,832,1564
CAATATTGGACTAGTG-1,523,453
CAATCCCTATACCAGC-1,1496,547
CAATCCTGCCGTGGAG-1,607,598
CAATGAGGTTCGACTA-1,1927,957
CAATGCGAGAAGTATC-1,1415,1562
CAATGGAATCTACATA-1,1537,474
CAATGGATCTCTACCA-1,1469,934
CAATGGTCGGCCTGGG-1,1051,403
CAATGTGCCAACCCTT-1,1872,1150
CAATTAAGGGTGATGA-1,1177,959
CAATTTCGTATAAGGG-1,1150,1152
CACAAGAAAGATATTA-1,1829,594
CACAATGAGCTGCTAT-1,970,1273
CACACACGCTAACGAG-1,1707,1585
CACACAGCTTGCGCTC-1,1873,1392
CACACAGGGATAGATT-1,649,863
CACACGCGCTGTCTTA-1,1511,1054
CACACGTTTCAATGGG-1,1509,378
CACACTTGTATTGCGA-1,1884,498
CACAGCACCCACGGCA-1,1094,1007
CACAGCTAGGGAGTGA-1,1107,741
CACAGGGCCATATAGT-1,1624,1634
CACAGTTCGCTTCCCA-1,1860,1561
CACATATTAGCAGGAT-1,1290,1393
CACATCTCACCGACGA-1,1318,1635
CACATGATTCAGCAAC-1,1164,1176
CACATGTTTGGACATG-1,523,501
CACATTCTTTCGATGG-1,1524,692
CACATTTCTTGTCAGA-1,1776,1319
CACCAATCATCCGTCT-1,332,1565
CACCACGCCACACAGA-1,387,1227
CACCATCGGAGGAGAC-1,1121,524
CACCATGATCGCAAAG-1,1857,546
CACCCAAATCTTATGT-1,1733,1102
CACCCACACGTCACCC-1,871,669
CACCCACGAGGCAATT-1,1468,740
CACCCGGTTTGTGACT-1,818,1540
CACCCTAACAAGATCT-1,1387,1610
CACCCTTGGTGAGACC-1,498,1468
CACCCTTTCCTCGCTC-1,829,452
CACCGATACACCGAGC-1,1440,499
CACCGCCAGAAGGTTT-1,1094,910
CACCGCCGACCAGCGA-1,1204,475
CACCGCGTCCACTCTA-1,1718,643
CACCGGAGATATCTCC-1,1565,426
CACCGTATCCCATCCG-1,1721,1513
CACCGTTAGGGATCAC-1,790,1540
CACCGTTGCGCGATAT-1,679,1395
CACCTAATAGAGTCGT-1,621,670
CACCTAATCAGTTTAC-1,1274,741
CACCTCGATGGTGGAC-1,1246,693
CACCTTGCGAAACTCG-1,1441,837
CACCTTGGCGCCTTTG-1,1706,1295
CACGAAAGTTAGTCCC-1,678,1057
CACGACCACAGACTTT-1,1648,281
CACGACGTAATAGTAA-1,1745,401
CACGACTAAAGTTCTG-1,953,331
CACGATTGGTCGTTAA-1,967,258
CACGCACAGCGCAGCT-1,1274,838
CACGCAGCGAGGCTTT-1,872,1008
CACGCGGAACTGTTGC-1,1637,1271
CACGGACGTGGATGGC-1,1982,811
CACGGCGCGCCAAAGG-1,1704,619
CACGGGATTGAGGGTT-1,428,1009
CACGTCAATCAATGGA-1,1888,1754
CACGTCGGCAACCTCT-1,790,1443
CACGTCTATGATGTGG-1,1593,426
CACGTTCGTGCTCTAG-1,1400,1151
CACGTTTCGTACACAC-1,1540,1586
CACTAAAGTTGCCTAT-1,983,1104
CACTACGGGAGCTGCC-1,1763,1682
CACTACTCAGTTCTGT-1,1315,378
CACTCAAGAGCTATGG-1,1067,1201
CACTCAGCTCTTGAGG-1,1259,523
CACTCCTATGTAAGAT-1,776,1612
CACTCCTCTCGGTCGG-1,1482,619
CACTCGAGCTGAACAA-1,1304,1417
CACTCGGTTAGGAGGA-1,456,1106
CACTCTTCTGCTAGCC-1,1679,1682
CACTGTCCAAGTGAGA-1,871,718
CACTTAATCAGACGGA-1,942,1080
CACTTCGCCACAGGCT-1,705,767
CACTTCGTCTTATCTC-1,468,598
CAGAACTTAGCCCTCT-1,1457,1538
CAGAATAACACACGGA-1,1818,1585
CAGAATATTCGTTATC-1,1998,1464
CAGACACCGATCGCTG-1,985,1539
CAGACCTGTAAGTGTT-1,1650,1006
CAGACGAACCTGATAC-1,970,1467
CAGAGACGGTCACCCA-1,1068,1490
CAGAGCATGAGCTTGC-1,1247,886
CAGAGGCGATGCATGA-1,943,1563
CAGAGTGATTTAACGT-1,1232,475
CAGATACTAACATAGT-1,913,887
CAGATCATTTAAAGTC-1,1774,788
CAGATCCTGGTTTGAA-1,513,1589
CAGATGTTTGTCCCAA-1,304,1517
CAGCAGCCCGTTCCTT-1,1358,934
CAGCAGTCCAGACTAT-1,1665,1465
CAGCCCTCACAGGCAG-1,1148,330
CAGCCGGGCCCTCTAT-1,1454,523
CAGCCTCCTGCAGAGG-1,1344,813
CAGCCTCTCCTCAAGA-1,1593,619
CAGCGATTCCCTTCAA-1,873,1539
CAGCGCCAACACGATA-1,345,1154
CAGCTCACTGAGACAT-1,1094,1055
CAGCTCGACAAGTTAA-1,1524,933
CAGCTCGTGCTTGTGT-1,857,597
CAGCTGGCGTAACCGT-1,582,1419
CAGCTTAGTAGGTAGC-1,664,1033
CAGGAAGACTTTATAT-1,1454,571
CAGGACAGCTGCCCTT-1,2039,1101
CAGGATATATCGTTGT-1,1109,1321
CAGGATCCGCCCGACC-1,953,283
CAGGCCGTTTGGGTGT-1,873,1201
CAGGCGCACGGTGGTC-1,665,1612
CAGGCGCCATGCTAGG-1,1290,1442
CAGGTTTAGTACTACA-1,2010,570
CAGTAACTATTTATTG-1,1677,716
CAGTAATCCCTCCCAG-1,621,767
CAGTACATTCTCTAAA-1,1691,740
CAGTACCAGTTTACGT-1,526,1420
CAGTAGCCCACGCGGT-1,1538,861
CAGTAGCGAGGTAGTA-1,690,356
CAGTCCAACGCCTTCT-1,1940,449
CAGTCGAGGATGCAAT-1,1649,861
CAGTCGGCCTAGATAT-1,317,1348
CAGTCTCTCGGCTAAT-1,662,404
CAGTCTGTATACTGGG-1,1192,1273
CAGTGAATAAATGACT-1,1427,861
CAGTGGTTGCACATGA-1,579,646
CAGTGTCCGCAGAATG-1,788,621
CAGTGTCGGCTGGCCC-1,1554,1513
CAGTTCAAATTGACAC-1,983,959
CAGTTCCGCGGGTCGA-1,636,888
CATAACGGACAGTCGT-1,1581,1127
CATAAGAAGCTTGGCT-1,1277,1659
CATAAGCTCTCCGTCT-1,470,1275
CATAATGAGCGGGCGA-1,912,404
CATACAAAGCCGAACC-1,760,573
CATACACGGTTCCCAC-1,1041,1732
CATACCCGTACCCAGT-1,706,1153
CATACGGCGTCTGGGC-1,1150,1200
CATACTATGTAATTGT-1,942,1128
CATACTTAGGCAATAC-1,1844,1150
CATAGCGTTGCCCACC-1,860,1564
CATAGTACATTGAGAG-1,1343,620
CATAGTAGCATAGTAG-1,899,718
CATAGTCCACAAGAAC-1,706,1347
CATATACTACTGATAA-1,1690,691
CATATAGGTACAGTCA-1,1039,1297
CATATGTCAGGCTACG-1,609,1419
CATATTATTTGCCCTA-1,1370,475
CATCAAACTGGCGCCC-1,1899,618
CATCATCTACCCGGAC-1,1232,523
CATCATTACCCTGAGG-1,1582,1513
CATCCGCAGGCCCGAA-1,482,622
CATCCTCTCAAAGATC-1,1554,1562
CATCGCCCGCGGCCAA-1,885,597
CATCGGACGGGTTAAT-1,1081,1273
CATCGTCCGGTTACTA-1,427,816
CATCTACCCGAGAACG-1,1829,401
CATCTAGTGAAGGGAA-1,1956,1343
CATCTATCCCGTGTCT-1,1663,691
CATCTGCAGGATCATT-1,386,937
CATCTTACACCACCTC-1,1650,1151
CATGAACCGACATTTG-1,871,525
CATGAACCTCTTATCA-1,1231,379
CATGACTTCGCTGAAT-1,1747,1223
CATGATGCACAATTCT-1,1232,765
CATGATGGAAGTTAGC-1,1706,1344
CATGCACGTGTTACTG-1,1537,329
CATGCATGGAGACCCT-1,1245,403
CATGCCAACTCGCAAA-1,567,1299
CATGCGACCAGTTTAA-1,1635,885
CATGCGTTAGACAGAA-1,1149,620
CATGCTGGCTCCAATT-1,1107,548
CATGGAAATGGGACCA-1,1717,401
CATGGATTGTCTTCCG-1,1679,1585
CATGGCAGGAAGATCG-1,1065,669
CATGGGTATGCCTTAT-1,1415,1610
CATGGGTCGGGTGTGG-1,1455,765
CATGGTAAGTAGCGTT-1,1290,1345
CATGGTCTAGATACCG-1,1191,886
CATGTAAGAGACATTT-1,1526,1562
CATGTAGGAGCGCCAA-1,1815,619
CATGTCTCATTTATGG-1,1456,1441
CATTACATAGATTGTG-1,1899,908
CATTACGTCGGCCCGT-1,1177,717
CATTATAACAGGGTCC-1,1175,282
CATTATGCTTGTTGTG-1,997,887
CATTCACTGACAGCTA-1,1204,379
CATTCCCATTCCGTCG-1,1914,1029
CATTCCCTAAGTACAA-1,524,550
CATTGATGAACACGCC-1,1927,812
CATTGCAAAGCATAAT-1,1425,281
CATTGCGAAATGGGCG-1,442,1130
CATTGCGGGTCAATTC-1,1871,860
CATTGTGTGCTAGATC-1,482,574
CATTTAGCGGACCATG-1,1455,861
CATTTATCGTTCAAGA-1,1342,378
CATTTCTAGCAGACTA-1,635,646
CATTTGAGTGGTACGT-1,943,1467
CCAAACAGAACCCTCG-1,941,790
CCAAAGTCCCGCTAAC-1,787,331
CCAAATAACAAGATTC-1,1845,1488
CCAACGATGCACTGAT-1,789,1008
CCAACGCTTGCCAGGG-1,1662,498
CCAACTTGATAGATCC-1,1984,1391
CCAAGAAAGTGGGCGA-1,998,1515
CCAAGACTTCTGCGAA-1,1135,741
CCAAGCGTAACTCGTA-1,1261,1055
CCAAGGAACAGAGAGG-1,940,597
CCAATAGTGCCGTCGA-1,858,1080
CCAATCGGTAGATCGA-1,1440,595
CCAATGTCACAGCAAG-1,956,1153
CCAATTACGGGTCGAG-1,1566,716
CCAATTGAATGTTAAT-1,913,742
CCACAATGTACGTCTT-1,1455,958
CCACACTGAGATATTA-1,956,1201
CCACAGCTGAAATCAT-1,662,453
CCACAGTACCCATCCT-1,1554,1417
CCACATACTGCACCCA-1,1915,1512
CCACATGGCTCTTTAT-1,346,1589
CCACCAACTTTACTGT-1,832,1515
CCACCCAAGGAAAGTG-1,1317,1152
CCACCTGTATGGAATA-1,1985,1730
CCACGAATTTAACCTC-1,1789,1247
CCACGAGAAGAGAATC-1,1315,668
CCACGGAGCCATAAGA-1,651,1395
CCACGGTGCCCGGTAG-1,1761,1102
CCACGTAAATTAGACT-1,1969,1077
CCACTATCCGGGTCAC-1,1886,981
CCACTGGTGGCTGGTT-1,567,1202
CCACTGTTTGGATTAA-1,1749,1658
CCAGAAAGCAACTCAT-1,776,1515
CCAGAGACAAAGCCGG-1,566,815
CCAGATAGTTGAGTGA-1,1441,934
CCAGATGTAAATGGGT-1,1982,715
CCAGCCTGGACCAATA-1,1178,1152
CCAGCGGGATCACCAG-1,1997,1029
CCAGCTACGCCTCATA-1,759,476
CCAGCTGATGGTACTT-1,567,1154
CCAGGCTGGCGTCTGA-1,1971,1609
CCAGGGACGTGGCCTC-1,1011,911
CCAGTAGTCTGATCCA-1,1538,909
CCAGTCAAATCTCTTA-1,387,1275
CCAGTCCATTATTCGA-1,579,501
CCAGTCTAGACGGCGC-1,1469,837
CCAGTCTTGTCATAGA-1,1096,1684
CCATAAACAACCCGAC-1,1329,596
CCATAACCTGTGCAGT-1,346,1492
CCATACCTTTACTTGT-1,1691,981
CCATAGGTTGGCGTGG-1,1135,693
CCATAGTCAGTAACCC-1,510,622
CCATATGGAAACTATA-1,1707,1537
CCATCCATACCAAGTC-1,801,597
CCATCGCAGTTAAACT-1,1137,1466
CCATCTCACCAGTGAA-1,1636,1175
CCATCTTGTTCACAAT-1,843,428
CCATGCCCTAGATTTC-1,1637,1610
CCATGCCTGTTTAGTA-1,1011,1104
CCATGCTCTGCAGGAA-1,871,766
CCATGGCCCTTGTACC-1,580,1033
CCATTAGCGATAATCC-1,858,1032
CCATTCCCTGCCCACA-1,817,1056
CCATTGTTTCCTCCAT-1,1983,956
CCATTTCTACCTATTA-1,1262,1587
CCCAAACATGCTGCTC-1,1497,1079
CCCAACATACGTCGCG-1,762,1298
CCCAACCACACTAACA-1,1190,451
CCCAAGAATGCACGGT-1,1495,305
CCCAAGACAGAGTATG-1,967,355
CCCAATGAGATTTGCA-1,832,1709
CCCAATTTCACAACTT-1,734,1201
CCCACTCCACGGTATC-1,318,1444
CCCAGAGGAGGGCGTA-1,1732,764
CCCAGGTCTGAAGGCT-1,1818,1537
CCCAGTAAACTTGGGA-1,443,1516
CCCAGTTAAGGCGCCG-1,1414,1272
CCCGAAGTTTCGCGAA-1,429,1347
CCCGACCATAGTCCGC-1,1302,741
CCCGAGTTTCTCCGTA-1,1776,1416
CCCGATAGCCTCGCCT-1,2039,1150
CCCGCAGCGCGAACTA-1,1206,1442
CCCGCAGGGCCCAAAG-1,1371,523
CCCGCCATGCTCCCGT-1,843,718
CCCGCGCAATGCACCC-1,593,719
CCCGCTTGCCCTCGTC-1,828,307
CCCGGTGGAAGAACCT-1,566,864
CCCGGTGTATCGGAAT-1,512,1540
CCCGTAAGTCTAGGCC-1,664,1226
CCCGTAGCTGGGAAGA-1,818,1636
CCCGTCAGCGTCTGAC-1,983,814
CCCGTGAGGGCGGTGA-1,331,1323
CCCGTTTCGCAGATGT-1,1748,1513
CCCTAGGCAACAAGAG-1,318,1396
CCCTAGTGTCAGGTGT-1,551,501
CCCTCATTCTGGAATT-1,885,645
CCCTCCTCGCTCGTAT-1,1748,1464
CCCTCGGGAGCCTTGT-1,1078,306
CCCTGAAATGAGTTGA-1,816,1008
CCCTGACTAACAAATT-1,442,1178
CCCTGATGTAACTCGT-1,496,598
CCCTGCCCAATCCGCT-1,539,1250
CCCTGCGCTACGCATA-1,608,1081
CCCTGGCTGTTCCTTC-1,345,1396
CCCTGGTATGGGCGGC-1,1273,403
CCCTTCTCGTACGCGA-1,773,307
CCCTTTGACAGGTCTT-1,1054,1466
CCGAAAGTGGTGAGCA-1,649,670
CCGAACACTGGGCCTC-1,526,1323
CCGAACCTTCCCGGCC-1,1262,1442
CCGAAGGGCGTACCGC-1,2011,956
CCGAAGTATATTGTTC-1,580,791
CCGACAAACACATGAG-1,468,646
CCGACAAAGGGAGTGC-1,567,1057
CCGACAATAGGCCGCC-1,1818,1633
CCGACGGGCATGAGGT-1,637,1564
CCGACGTAAACACAAC-1,1621,571
CCGACTCGCATAGTCT-1,1328,354
CCGAGAAGTCGCATAA-1,1831,1368
CCGAGCTGTGCTTGTC-1,1829,691
CCGAGGGATGTTAGGC-1,1134,403
CCGATATGACGTAAGG-1,2040,1584
CCGATCTCAACCTTAT-1,1678,1151
CCGATCTTAAGAGGCT-1,1968,497
CCGATTCGAGGGACCC-1,553,1178
CCGATTGGTCAATGAA-1,1634,305
CCGCACAAAGACCAAC-1,1331,1127
CCGCACACGAACGTGT-1,1984,1343
CCGCATGTGGTACGAT-1,1193,1611
CCGCCACCACAATCCA-1,1190,354
CCGCCGGAACTTCTCG-1,443,1565
CCGCCGGTCAACACAC-1,1037,572
CCGCCGTTGAGGATAA-1,1928,1343
CCGCCTGCGAATTGGT-1,1621,619
CCGCCTTGCGATGTCG-1,373,1299
CCGCGATTTGGTAGGT-1,400,1202
CCGCGGAATGCGTCAC-1,901,1491
CCGCGGGTACGAAGAA-1,636,1033
CCGCGTAGGTAAGGGC-1,580,984
CCGCTATCAGCACCAG-1,1151,1345
CCGCTGGTGCCATTCA-1,1301,402
CCGCTTACCTCACTCT-1,762,1395
CCGCTTCGCGGTTAAC-1,801,307
CCGCTTGCTGACATGG-1,1844,908
CCGGAAGTTATCAGTC-1,2040,1439
CCGGAATGGTTTCAGT-1,719,839
CCGGAGCGTACTTTCT-1,1054,1660
CCGGAGGTCTTATGGT-1,1913,691
CCGGCACGACCGTTTC-1,1817,1102
CCGGCGCATATTGGAT-1,1051,596
CCGGCGTGAGACTCTG-1,429,1396
CCGGGACCCGCAGAGA-1,996,645
CCGGGCGGTCTCGTCA-1,1330,1031
CCGGGCTGCTCCATAC-1,1469,1127
CCGGGTTCGAGGTTAC-1,720,1177
CCGGTAATGGCTAGTC-1,1858,1174
CCGGTTTGTAATTGTG-1,860,1612
CCGTAAGTTGGTCCCA-1,1344,1055
CCGTACCCAAGCGCCA-1,746,549
CCGTAGGGTTGTTTAC-1,1721,1706
CCGTATCTCGTCGTAG-1,651,1540
CCGTATTAGCGCAGTT-1,1815,667
CCGTGAGGCATTCATG-1,1942,1126
CCGTGCCCATGACGGC-1,940,548
CCGTGGAACGATCCAA-1,1746,836
CCGTGTTAAATTCCAT-1,776,1419
CCGTTACGTTAGAACA-1,1496,740
CCGTTCCGAATCTCGG-1,581,1226
CCTAAACAGGGTCCGT-1,1050,258
CCTAAAGGCTGACGCT-1,1412,595
CCTAAATTAACGGTTC-1,1220,1273
CCTAAATTGTATCCTA-1,1859,1512
CCTAACCCAAACAAGT-1,1512,1441
CCTAACTAAGGCTCTA-1,1566,764
CCTACAAGTCCGGAAT-1,1732,474
CCTACATTCACAGACG-1,734,1491
CCTACGCGACCTTACA-1,1564,329
CCTACGGCTCAGTCGA-1,718,646
CCTACTGCGGCGGCCA-1,2024,787
CCTACTGCTTACACTT-1,955,911
CCTAGGCGTAGCGATC-1,1497,1127
CCTAGGTAAAGGTAGC-1,429,1492
CCTAGTTAGTCGCATG-1,1273,548
CCTATAATGAGTGCCC-1,1401,1586
CCTATACCGTCCTGTC-1,901,1588
CCTATATTTGTCCTGG-1,999,1756
CCTATCTATATCGGAA-1,1343,716
CCTATGAAGTGGTGCC-1,1817,1150
CCTATGGGTTACCGTC-1,1233,958
CCTCAACGATCGCTGT-1,276,1517
CCTCACCAATCTTGAC-1,760,670
CCTCACCTGAGGGAGC-1,1691,933
CCTCACCTTAGCATCG-1,1622,909
CCTCACGTCAGCTAAT-1,1971,1705
CCTCATGCAGCTACGA-1,690,501
CCTCCCGACAATCCCT-1,1148,475
CCTCCGACAATTCAAG-1,733,1056
CCTCCTGAGCCCACAT-1,386,1178
CCTCGAAGTGGACGGG-1,1260,620
CCTCGACCCACTGCCT-1,1287,330
CCTCGCCAGCAAATTA-1,1302,692
CCTCGCGCGATATAGG-1,1593,764
CCTCGCGCTGTGCGAT-1,1096,1635
CCTCGGACCGGGATAG-1,1456,1248
CCTCGGATGCTACCTG-1,414,1033
CCTCGTTACGCCTGTT-1,1787,377
CCTCTAATCTGCCAAG-1,1288,813
CCTCTATCGATTAGCA-1,637,1516
CCTCTCTCCCATCTAG-1,775,1081
CCTCTGGCCTAGACGG-1,1315,620
CCTCTGTACTATTCTA-1,1123,1539
CCTGAACGATATATTC-1,1456,1151
CCTGAATATTTACATA-1,1260,813
CCTGACCACCGATGGT-1,1123,1345
CCTGACGCAACCTTTA-1,1481,329
CCTGCCCGTTGTCTAG-1,400,1106
CCTGCGATAGAACTGT-1,551,453
CCTGCGTTCTACGCTT-1,469,1033
CCTGCTATTTGAGAAG-1,969,887
CCTGGAAACGTTCTGC-1,1845,1198
CCTGGCTAGACCCGCC-1,872,959
CCTGTAAGACATGATA-1,845,1153
CCTGTACTCACGCCCA-1,609,1226
CCTGTCACCCGGGCTC-1,1205,959
CCTGTCCCTCACGTTA-1,1858,1126
CCTGTCGCCCGTAAAT-1,1136,1128
CCTGTGAAACCGTAAC-1,303,1082
CCTGTGCGGATTGTAA-1,1648,329
CCTGTTTGAAGACACG-1,1582,1658
CCTTCAGTTAAAGTGA-1,930,1733
CCTTCTCAGCGTTCCT-1,484,1299
CCTTCTTGATCCAGTG-1,1288,717
CCTTGACCACTTTATT-1,1790,1585
CCTTTAAGGGAGCACT-1,971,1660
CCTTTCAATGAAGAAA-1,1594,861
CGAAACATAGATGGCA-1,1343,523
CGAAACGCAATTCATG-1,734,1250
CGAACAGTATGGGCGT-1,1609,1465
CGAACATAGTCAGAAA-1,1870,473
CGAACCCGCATGCGTC-1,957,1442
CGAACGCCCAGTGCCG-1,1246,596
CGAACGGCCGGACAAC-1,484,1395
CGAAGACGGTGAGTGC-1,317,1058
CGAAGACTGCCCGGGA-1,939,259
CGAAGCTATAAATTCA-1,1732,715
CGAAGTTGCTCTGTGT-1,761,1056
CGAATGACGCATAATG-1,1069,1780
CGAATTACATGGTGTT-1,1578,305
CGACAATTTGATCTAA-1,1595,1296
CGACACCGCTTAAGGA-1,1912,497
CGACACGCTCCGACAG-1,1581,1368
CGACAGTTCGCGTTAT-1,858,1129
CGACATGCGATCTTCT-1,1162,451
CGACCCTTAACGCCGG-1,443,1420
CGACCTACTAGACAAT-1,276,1372
CGACGCATCCGTACCT-1,415,1468
CGACTCAGGATGTTAT-1,1510,813
CGACTCGGTACACGGT-1,1982,521
CGACTTTGTATAGCCT-1,1789,1054
CGAGACCCTAGAGTGT-1,1123,1297
CGAGAGATGTGAACCT-1,1288,958
CGAGAGCGCGTAGATA-1,373,1347
CGAGAGGGTAGCCGCG-1,1721,1609
CGAGATTTCGCTCGGG-1,1886,1271
CGAGCACTTCAAGTTT-1,621,815
CGAGCGTTGATCAGCC-1,912,549
CGAGCTGGGCTTTAGG-1,1204,669
CGAGGAGCTTCCATAT-1,1899,812
CGAGGATCGGGAACGA-1,1913,932
CGAGGCCAGGCATTGG-1,579,598
CGAGGCTAAATATGGC-1,1261,958
CGAGGGACTGCGGTCG-1,1359,1176
CGAGTACTAAAGAGGA-1,762,1346
CGAGTGAAGGTACCAG-1,679,1588
CGAGTGCTATAGTTCG-1,801,501
CGAGTTCTGTCCCACC-1,1455,909
CGAGTTTATCGGACTG-1,1567,1151
CGATAATACTCAGGTT-1,1900,1295
CGATACCTCGCGGACA-1,942,1225
CGATATTAGCCGCAGG-1,759,428
CGATCATTAGAGGCAC-1,1968,546
CGATCCGACCCAGTGC-1,970,1177
CGATCTGTTGGAGGAC-1,609,1371
CGATGGACCCTACGCC-1,1607,788
CGATTAAATATCTCCT-1,1138,1611
CGATTCGCCTGGCTGC-1,1290,1635
CGCAAACACGAGTTAC-1,788,911
CGCAATTACTTTCGGT-1,733,815
CGCAATTAGGGTAATA-1,886,935
CGCAATTCTACAATAA-1,663,888
CGCACATGTCCACTAC-1,1484,1199
CGCACGTGCGCTATCA-1,1650,1199
CGCAGAAACATTTGCG-1,1079,451
CGCAGATCTTCACCCG-1,1844,860
CGCAGGCGATCCAAAC-1,1693,1513
CGCATCATGGCTTCAG-1,1454,475
CGCATCCATCAGCCAG-1,1886,932
CGCATGGTGCGATGCT-1,1192,1224
CGCATTAGCTAATAGG-1,1066,911
CGCCAAGAAGCCGAGT-1,511,1202
CGCCACAGGTCGCGAT-1,401,1444
CGCCATCCGATTATGA-1,1385,837
CGCCCAGCACGCCTAG-1,985,1684
CGCCCGCTTCCGTACA-1,1385,692
CGCCCTTGAAGGCTGA-1,552,840
CGCCGACTATTCGCTA-1,345,1106
CGCCGCCCATGCCTGT-1,1428,1200
CGCCGGTGTCGCAGTA-1,2037,473
CGCCGTCTACCCATCG-1,1970,1174
CGCCGTTCAGCATAGT-1,1721,1658
CGCCTCCCTCCTCTAT-1,1289,1297
CGCCTGGCCTACGTAA-1,650,1250
CGCCTTTAGCATGCTC-1,1901,1343
CGCGACACTGCGCAGC-1,441,840
CGCGAGAGGGACTTGT-1,1774,643
CGCGAGTCTGCCGGGT-1,554,1516
CGCGCAAATGTCCAGA-1,610,1613
CGCGCAAGGAACTACA-1,676,380
CGCGCATGTTTGATTG-1,1026,1466
CGCGCCCGACTTAATA-1,1316,765
CGCGGCAGTATTACGG-1,496,550
CGCGGCTCAACTTGAA-1,1623,1296
CGCGGGAATTAGGCAG-1,1386,934
CGCGGTAAGTCTAGCT-1,1913,981
CGCGGTACGGTATACA-1,1916,1754
CGCGGTCACAAACCAA-1,1746,691
CGCGTACATTCTGGAA-1,1940,401
CGCGTCATATTAAACC-1,1162,306
CGCGTTCATGAAATAC-1,983,911
CGCTACCGCCCTATGA-1,856,307
CGCTACGGGACATTTA-1,942,1177
CGCTAGAGACCGCTGC-1,1678,1199
CGCTATACCGCCCACT-1,774,597
CGCTATTCAATGTATG-1,705,718
CGCTATTCTTAGGCTC-1,1109,1176
CGCTCGACATAATGAT-1,899,766
CGCTCTCCGTAGATTA-1,789,1056
CGCTGAGGACGTCCAA-1,829,355
CGCTGGTGACTACCCT-1,1637,1416
CGCTGTGACGCCGCAC-1,927,863
CGCTGTGTGGATGTTG-1,874,1684
CGCTTATTCCCGGTCG-1,692,1274
CGCTTCCACTGAAATC-1,857,694
CGCTTTCATACCGGTG-1,968,597
CGCTTTCTTGCATTCG-1,1455,1006
CGGAAAGAATCAAACG-1,943,1660
CGGAAATTTCACATCC-1,1412,354
CGGAACGTAAACATAG-1,901,1394
CGGACGTTACTTGAAG-1,359,1275
CGGAGCAATTTAATCG-1,1110,1563
CGGAGCATGGCGATCC-1,1206,1200
CGGAGCTTATAACACC-1,1468,499
CGGAGTTTGAGAGACA-1,747,984
CGGATAAGCGGACATG-1,510,719
CGGCAAACATCGTGCG-1,1193,1514
CGGCAATAAGATCGCC-1,1776,1561
CGGCACCGTTAGCGCC-1,1509,523
CGGCACTCAAGAAAGT-1,662,549
CGGCAGGGTCGGGTTG-1,1580,1030
CGGCCACGCACAAAGT-1,1094,1104
CGGCCCAACCTGTAGT-1,1830,933
CGGCCCAGGTATATCC-1,1734,1295
CGGCGCCATCAATCCC-1,1568,1682
CGGCTCTAAAGCTGCA-1,1803,1368
CGGCTCTTCGTCGAAC-1,1468,450
CGGCTGCAAGATTAAG-1,1217,354
CGGCTTTGTATGATAA-1,1051,452
CGGGAATATAGTATAC-1,1734,1392
CGGGAATTTATGTAAA-1,1178,1345
CGGGAGCTTCAGTGTA-1,1540,1441
CGGGAGTATACCGCCG-1,482,719
CGGGATCAATGTAAGA-1,1094,814
CGGGCAGCTAAACCGC-1,1053,1031
CGGGCCATAGCCGCAC-1,524,598
CGGGCCTTCTTTGTAA-1,1039,1249
CGGGTGTACCCATTTA-1,1469,1030
CGGGTTCGGCACGTAT-1,1759,425
CGGGTTTGTTAGGGCT-1,1860,1609
CGGTACGGCAAACCCA-1,290,1541
CGGTACTAGAATCAAA-1,1428,1296
CGGTAGAGGTGCAGGT-1,1552,788
CGGTATAGGTATTAGC-1,1648,522
CGGTCAAGTGGGAACC-1,1385,886
CGGTCAGTCCATATTT-1,2026,1657
CGGTCCATGAGACTCC-1,1913,739
CGGTCCGTCGCAAGCC-1,985,1781
CGGTCTATCAACCCGT-1,1413,692
CGGTGAAGACTAAAGT-1,595,1105
CGGTGCAGATAGAACG-1,776,1274
CGGTGCGCGTTGGTCC-1,818,1443
CGGTGGGCTCCAGCCT-1,1649,619
CGGTGTACTTGATCCC-1,704,670
CGGTTATCCAACAGTG-1,1636,981
CGGTTCAAGTAGGTGT-1,1635,837
CGGTTCCGGCTTCTTG-1,676,477
CGGTTGACCTGGCATA-1,623,1202
CGGTTGGGTTCAAGTT-1,1662,450
CGGTTTATGAAGGAAC-1,1718,498
CGTAAACGCTTGAGTG-1,593,525
CGTACCTGATAGGCCT-1,1219,789
CGTAGCGAATTGTCAG-1,1260,572
CGTAGCGCCGACGTTG-1,1009,427
CGTATTAAGAGATCTA-1,1025,1032
CGTATTGTTTCCTAAT-1,2010,811
CGTCAAATGGTCGCAG-1,1996,739
CGTCAAGGCTATAAAT-1,469,985
CGTCACGTCCATTGGT-1,984,1394
CGTCAGCTATTTACTC-1,427,671
CGTCAGTGCGCACAAG-1,954,524
CGTCAGTTTATCGTCT-1,1106,306
CGTCATACCATATCCA-1,552,743
CGTCGCGGCGGGATTT-1,468,550
CGTCGGATAGTGTTGA-1,1608,1078
CGTCGGGTCTAAGCGC-1,582,1564
CGTCGTCCTTCGCGAA-1,1332,1611
CGTCTGGAAGGGCCCG-1,1135,645
CGTCTTGAGTGTGACG-1,2011,1246
CGTGAAGTTAATTCAC-1,1053,1225
CGTGACATTGGGTCGT-1,1426,620
CGTGACCAGTCCTCTG-1,1041,1781
CGTGCAGACTGGGACA-1,1303,1224
CGTGCATTGTCGACGC-1,706,1202
CGTGCCCGACATTTGT-1,1092,282
CGTGCCCTCCCGAAGA-1,1345,1296
CGTGCTGGCCTAGTCG-1,537,477
CGTGGAAGCCTCGTAC-1,1942,1416
CGTGGCCGAATATCTA-1,1679,1392
CGTGTCCCATTCGCGA-1,830,935
CGTGTCTCGTTACGAC-1,749,1709
CGTGTGTTAAACCCTG-1,1886,1029
CGTTAAACTAGTTAGG-1,1818,1440
CGTTAATGTCCCGACG-1,1485,1683
CGTTAGCTCACAACTG-1,1524,595
CGTTATCATACTTCCA-1,290,1348
CGTTCATGGTGCGCGT-1,554,1419
CGTTCTTCGCACACCT-1,1788,715
CGTTGAATACCGCGCT-1,1346,1635
CGTTGAGCGACCGTCG-1,1303,1321
CGTTGAGTAATTGCGT-1,1676,522
CGTTGTAAACGTCAGG-1,455,767
CGTTGTAAGATTGATT-1,1774,884
CGTTGTTTCAATTCCC-1,831,1080
CGTTTAAGCGGAGCAC-1,1093,572
CGTTTACAAGGCAGCT-1,1899,763
CGTTTCACTTCGGGCG-1,1552,692
CGTTTCGCTCATTACA-1,956,1104
CGTTTGGTGTTGTGGG-1,1943,1754
CGTTTGTGTAGAGGGT-1,846,1588
CTAAACGGGTGTAATC-1,856,355
CTAAAGAATGCCTACT-1,775,1129
CTAAAGGGAAATAGGA-1,1137,1321
CTAAATCCGGTGTACA-1,763,1733
CTAAATCCTATTCCGG-1,1441,885
CTAACCGCGCGCCCGT-1,761,1153
CTAACGAAACTTGCTG-1,1580,982
CTAACTGATAATCGCC-1,1693,1658
CTAACTGGTCCGGTTC-1,776,1467
CTAAGGGAATGATTGG-1,1276,1321
CTAAGTACAGGGCTAC-1,1690,401
CTAATTATGAAGCGTA-1,1954,521
CTAATTCTCAGATATT-1,1733,909
CTAATTTCAACAACAC-1,649,767
CTACAAGAAATAACCC-1,832,1660
CTACACTAGCTTGTTC-1,801,356
CTACACTCGCAGATGG-1,1679,1634
CTACCCTAAGGTCATA-1,1539,1006
CTACGAACTAGGTCGA-1,1287,378
CTACGACTAGCTATAA-1,609,1178
CTACGCACGGAGTACC-1,1067,1104
CTACGCCATTTCCGAT-1,1385,547
CTACGTGTTGCCACCA-1,606,404
CTACTATCATAGGTTT-1,624,1540
CTACTATCTTTCAGAG-1,1566,958
CTACTCAAGGTATAGT-1,860,1709
CTACTCTAGGCCCGGC-1,622,1008
CTACTGCCACCTGACC-1,1149,910
CTAGACATATATGTAG-1,1773,450
CTAGACTGCATTTCGT-1,1607,498
CTAGATAAACTCCTCG-1,620,429
CTAGATGTGAGTGTAA-1,1705,1054
CTAGATTTACGACGGC-1,1303,1272
CTAGCATAGTATAATG-1,1192,1079
CTAGCCACAGGCGAGC-1,1901,1681
CTAGCCGATGTTATGA-1,1677,812
CTAGCTTAATGGTCCC-1,2012,1391
CTAGGCGCCCTATCAG-1,1540,1489
CTAGGCGGCAGAGAAT-1,717,356
CTAGGTCTGAAGGAAT-1,1719,1126
CTAGGTTCGGACGTGA-1,1249,1659
CTAGTATTCGGAATTA-1,1385,596
CTAGTCACGTCTTAAG-1,1233,1152
CTAGTGAAGGACAGGA-1,803,1080
CTAGTTACAACCCGGT-1,1207,1538
CTAGTTGGGCCCGGTA-1,1219,886
CTATAAGAGCCAATCG-1,1663,885
CTATCGACGAAATACA-1,1568,1537
CTATCGCGTAGAGAAC-1,1915,1657
CTATCGGGTCTCAACA-1,1233,1103
CTATGCCCGAATGCAA-1,1096,1780
CTATGGGAAGCGGAAT-1,1721,1561
CTATGTCACTAGCCCA-1,1191,983
CTATGTCTATTGAAAC-1,1037,524
CTATGTGAGTCACGGC-1,512,1347
CTATTCATGTGTCCCA-1,1137,1514
CTATTGTGTTTGGTCA-1,1676,571
CTATTTGGTTACGGAT-1,1414,1127
CTCAAGACATTAGCGC-1,1690,595
CTCACACGCAAGCCTA-1,1968,691
CTCACCGATCCAAACT-1,1912,449
CTCACTTGGCTGGTAA-1,637,1226
CTCAGATTGTGATAAG-1,345,1299
CTCAGGACTCACCTGT-1,690,646
CTCAGTCACGACAAAT-1,1608,837
CTCATCACTTAGTGAT-1,1997,932
CTCATGGCTCACAATC-1,1149,572
CTCATGGTAATTTGCG-1,637,1468
CTCATTAACGTTGCCC-1,2038,956
CTCATTCGTGAACATC-1,316,913
CTCATTTGATGGGCGG-1,1135,790
CTCCCAATGAGTCGCG-1,1873,1488
CTCCCTCCTTTCGATC-1,596,1492
CTCCGCCCACATGAGG-1,817,1298
CTCCGGCCTAATATGC-1,1093,717
CTCCGGCTTGTAGACA-1,538,622
CTCCTAAGTTATGTCT-1,690,549
CTCCTCCAGCTCACAC-1,971,1757
CTCCTGTTCAAGGCAG-1,1901,1585
CTCCTTTACGCAAGTC-1,1788,812
CTCGAATGGAACGTAT-1,1662,401
CTCGAGACATACGATA-1,374,1589
CTCGAGATCCAAAGCA-1,454,526
CTCGAGGTCGAACAGT-1,1094,959
CTCGATATTTGCGAGC-1,1649,812
CTCGCACCTATATAGT-1,1219,838
CTCGCCGAATGTAGGG-1,1166,1708
CTCGGGATAACACCTA-1,1955,1005
CTCGGTACCACTGCTC-1,1400,1248
CTCGGTCCGTAGCCTG-1,968,693
CTCGGTTGTCGGCCCT-1,638,1612
CTCGTTTCTAATGTTT-1,1718,788
CTCTAATGCATTGATC-1,1802,836
CTCTACACTGGCGATT-1,512,1299
CTCTATTTGGCTGCAG-1,1220,1418
CTCTCACAATCGATGA-1,1247,1031
CTCTCGATGTGCGCCT-1,1134,355
CTCTCGCTGTACTATG-1,358,840
CTCTCTAACTGCCTAG-1,568,1637
CTCTGCGAAGCAAGCA-1,968,548
CTCTGGACGCCTGGTG-1,1136,1031
CTCTGTGCCTGCTATG-1,939,307
CTCTGTTTGAGGATTC-1,1274,596
CTCTTCTATTGACTGG-1,1665,1368
CTCTTGTCCCGCTTGG-1,1082,1563
CTGAAACGGCCCTCAG-1,1926,377
CTGAAAGAGATCCGAC-1,1232,717
CTGAATCCGAGACCTC-1,1012,1394
CTGAATTTATTGCCAG-1,1746,788
CTGACATAGAAATAGA-1,1929,1488
CTGACTGCGCAGCTCG-1,1677,1006
CTGAGAAAGTTCGGCG-1,1901,1440
CTGAGCAAGTAACAAG-1,621,622
CTGAGCGAGACTTATT-1,2011,1005
CTGATAGTGTATCTCA-1,497,1033
CTGCAAATGGGCTCCA-1,1162,258
CTGCACAACTACATAT-1,1332,1466
CTGCACCTAGTCCACA-1,1899,957
CTGCACCTGGAACCGC-1,954,621
CTGCACTCCAGTACAG-1,1248,1562
CTGCCAAGGTTGGAAG-1,1343,765
CTGCCATGCATCACAT-1,1136,1225
CTGCCCACGAAGCGTT-1,358,1033
CTGCCTAGCCACCAAG-1,1384,451
CTGCCTCATATGCAAC-1,1955,1053
CTGCGGGTGAAATGTT-1,594,1009
CTGCGGTAGTCACGTG-1,1551,498
CTGCGTTACGATATAA-1,1524,644
CTGCTGAGGCCACGAA-1,762,1443
CTGCTGTCTAACGAGC-1,1929,1440
CTGCTTGGCGATAGCT-1,1318,1538
CTGCTTTATGTCCGCG-1,1829,739
CTGGAAATGGATGCTT-1,1011,959
CTGGAAGACACGGTGG-1,1498,1465
CTGGACGCAGTCCGGC-1,457,1492
CTGGATTTACACTTGA-1,1040,1442
CTGGCATCCGAATGAG-1,637,1419
CTGGCGACATAAGTCC-1,1399,668
CTGGCGCACAGGTCTG-1,1511,1151
CTGGCGGGAATAAGTA-1,580,743
CTGGCTCCTGCGGGAT-1,648,428
CTGGCTGATTCATCCT-1,1609,1320
CTGGCTGCTAACGTAA-1,620,380
CTGGCTGGTTGTCAGT-1,1054,1563
CTGGGATAAATAATGG-1,1442,1175
CTGGGATACGCTACCC-1,1900,1150
CTGGGATCGCCCAGAT-1,1148,282
CTGGGCACTAGTCGGA-1,1620,281
CTGGGCCTGCTATATC-1,692,1322
CTGGGCGGCCAAATGT-1,1287,282
CTGGGCTATCCTTTGG-1,1773,401
CTGGGTAGGCAGTTAA-1,1373,1296
CTGGGTTGAGTTAAAG-1,429,1541
CTGGTAAAGTGTGGGC-1,1860,1706
CTGGTAACACATAGAA-1,1498,1272
CTGGTAACGAGCTCTT-1,1622,957
CTGGTCATTCCAATCC-1,483,816
CTGGTCCTAACTTGGC-1,1176,427
CTGGTTCAACGCATCA-1,801,452
CTGGTTCGCGAGCTAC-1,1998,1270
CTGGTTTCGAGCAAGA-1,1498,1368
CTGTACTTCTTAGCAT-1,984,1201
CTGTAGCCATCTCACT-1,915,1612
CTGTATGGTGTAGAAA-1,718,742
CTGTCAAATGGCTCGG-1,1427,813
CTGTCACGCCAGGCGC-1,1634,498
CTGTGCAGGGTAGGTC-1,1248,1273
CTGTGGTCGGGAGATA-1,1512,1586
CTGTTACCCAATCTAG-1,1081,1418
CTGTTCACTGCCTGTG-1,1052,790
CTGTTCATCTCACGGG-1,746,791
CTTAAATAAGACCCAT-1,399,864
CTTAACTTCGAAGTAC-1,1148,524
CTTAAGCAGCGAGCCG-1,318,1493
CTTACACGGTATTCCA-1,900,1008
CTTACACTGGGAAATA-1,940,645
CTTAGCCCGGATAGTG-1,400,912
CTTAGCCTTCCACATG-1,1357,789
CTTAGGTCCCAATCGT-1,2038,811
CTTAGTAGGCCTACAG-1,1691,1030
CTTATAGATGGCTGTT-1,1929,1730
CTTATGCGCTCAGGGC-1,428,1299
CTTATGTTGACTACCA-1,649,573
CTTCAGTGGTCGCCTA-1,526,1564
CTTCATAGCTCAAGAA-1,788,718
CTTCATTGTCAGTGGA-1,1108,1128
CTTCCGCTCCGTGAAG-1,971,1612
CTTCCTGCATATTTAC-1,1717,353
CTTCGGCCAATTGTTT-1,1804,1464
CTTCGTAGATAGGTGA-1,900,1201
CTTCTATGTTGAAGTA-1,665,1371
CTTCTATTAATGCTAG-1,929,1491
CTTCTTACGTCGTATA-1,1107,596
CTTGACCCGAAAGATA-1,1065,476
CTTGAGGTTATCCCGA-1,607,549
CTTGAGTTAGGGTAAT-1,1567,1199
CTTGCAACCGCCTCCT-1,623,1298
CTTGCCCAGGCTCTAC-1,1040,1346
CTTGGCCAAGCTGGGA-1,1068,1732
CTTGTACTTGTTGACT-1,982,766
CTTGTCAACATTCGAG-1,1193,1466
CTTGTCGTACGTGTCA-1,745,307
CTTGTGAGTCTTTGAC-1,746,501
CTTGTGCTCACCGATT-1,1580,788
CTTGTTGCTGAGTCAA-1,1386,1175
CTTGTTTATGTAGCCA-1,663,694
CTTTAACTTTCAAAGG-1,1205,814
CTTTAATATTGGTCGA-1,1290,1490
CTTTACCGAATAGTAG-1,1443,1465
CTTTAGGAACACTGTT-1,1484,1248
CTTTAGTGCTATTATT-1,1164,1321
CTTTCTGTGCGGGCTT-1,1193,1563
CTTTGACGTCGCTTCT-1,276,1324
CTTTGCTGTCATGGAT-1,1970,1415
CTTTGGCAGACAGAGT-1,1842,377
CTTTGGCGCTTTATAC-1,525,1033
CTTTGGCTTTAGTAAA-1,830,1032
CTTTGGGATTGTTGCA-1,888,1757
GAAACAGATGACCACC-1,1553,1223
GAAACAGCCATGCAGT-1,1121,572
GAAACCATGGTGCGCT-1,1788,909
GAAACCGAATTACCTT-1,984,1346
GAAACCTATACAAATG-1,999,1708
GAAACTCTAATGAAGG-1,1287,572
GAAAGAACAGCGTTAT-1,1706,1150
GAAAGCAGTGCACTTT-1,1026,1611
GAAAGCCCTTTGGACC-1,567,1105
GAAAGTGACTAACTGC-1,705,863
GAAATACCTGCTGGCT-1,1454,426
GAAATACTAAACGTTT-1,579,694
GAAATATCACCATCAG-1,594,1057
GAAATATGCTTGAATG-1,1801,643
GAAATCGCGCGCAACT-1,1218,693
GAAATGGCGGTGTTAG-1,997,983
GAAATGGGATGTAAAC-1,510,574
GAAATTAGCACGGATA-1,1607,692
GAAATTCACATCGCTG-1,954,573
GAAATTGTCTCTATAA-1,1012,1297
GAACACACATCAACCA-1,969,790
GAACAGATTACTAAAT-1,1263,1635
GAACATTAGTATGTTA-1,1968,594
GAACCATCTGGGAGAC-1,1023,355
GAACCTCGACCTACAC-1,401,1251
GAACGACCGAATGATA-1,1149,717
GAACGATAAGTTAAAG-1,1983,908
GAACGCGGGTCACACG-1,1859,1416
GAACGGTGTAAAGCAG-1,1801,353
GAACGTCTCATGGTCG-1,1483,1006
GAACGTTAGGAAGACG-1,483,1057
GAACTTAGCGCCCGGT-1,1676,377
GAACTTGTGCACGGGA-1,1996,691
GAAGAAACGATATTGT-1,679,1685
GAAGAACGGTGCAGGT-1,829,597
GAAGACTTCAATGCCG-1,1176,330
GAAGCAAGGCAATGTT-1,870,283
GAAGCCTGCACATTCC-1,1124,1732
GAAGCGTGAGGAATTT-1,1108,1080
GAAGCTCGGACCCGTC-1,568,1589
GAAGCTTGCTGACCGC-1,761,960
GAAGGCTACCATTGTT-1,1927,860
GAAGTCAGTTGCACTA-1,1082,1515
GAAGTCTCCCTAGCGA-1,1539,1151
GAAGTGATTTATCGTG-1,928,1201
GAAGTGCTGGATAGCT-1,1121,620
GAAGTTTCCACTCAAT-1,914,1128
GAATAGACGCGACCCA-1,1553,1272
GAATAGCATTTAGGGT-1,1915,1367
GAATAGCCCTGCGGTC-1,1802,691
GAATATTCGGAGTCCC-1,1426,571
GAATCGACATGGTCAC-1,858,887
GAATCGCCGGACACGG-1,843,525
GAATCTATACTCGGAC-1,1328,306
GAATCTGAACATTCTC-1,1164,1273
GAATGAAGGTCTTCAG-1,1899,667
GAATGCCGAAATGACC-1,510,767
GAATGGGCTTATCGAC-1,359,1227
GAATGTATGGCAGGTC-1,1537,619
GAATGTGGTCCGGATT-1,1400,1296
GAATGTTGGGTAATCT-1,1233,813
GAATTATAGTGAAAGG-1,1219,1079
GAATTCACCCGGGTGT-1,1040,1394
GACAAACATATGCAGG-1,1664,1320
GACAACGACCATTGAA-1,1344,861
GACAACGCAGCTTACG-1,1024,742
GACAAGAGATGAGATT-1,1887,1609
GACACAAGGGAAGAAA-1,1275,982
GACACGAGTTAGAGGA-1,621,718
GACACTGAGTTCAGTG-1,915,1322
GACACTGGAACCCGAT-1,1804,1513
GACAGATTTCTGGCTC-1,387,1323
GACAGCCAGACCTGAC-1,1470,1272
GACAGGCACACACTAT-1,581,1178
GACATACTGTCGCAGA-1,399,767
GACATCGATTTATAAC-1,971,1515
GACCAAACGTTGACTG-1,1776,1658
GACCAGAGCCCTGTAG-1,928,1008
GACCAGGTCATTCATA-1,1231,330
GACCCAATTATGATAC-1,554,1564
GACCCGTCGCCGGCTA-1,1093,476
GACCGACGTGAAAGCA-1,1831,1174
GACCGACTGAAGCGTC-1,581,1081
GACCGCGTCTGACGTG-1,1831,1464
GACCGTCAGGTCGTGA-1,1398,571
GACCGTGCTGACGGTG-1,998,1225
GACCGTTACATGCGAC-1,359,1178
GACGACGATCCGCGTT-1,1248,1514
GACGAGGCTAATAAAC-1,1665,1610
GACGCCGTAAAGGCTA-1,1026,1563
GACGCCTGTTGCAGGG-1,704,525
GACGCTTGCTTCTAAA-1,775,1177
GACGGACCGCGTTCCT-1,1078,355
GACGGGTTGGCCCGTA-1,985,1732
GACGGTCAATAGAAGC-1,1663,981
GACGGTCCTAGGGTGT-1,2012,1295
GACGTGAGACTCCATG-1,690,453
GACGTTCGTAAATACA-1,1885,836
GACTAACACAGCACCT-1,1523,450
GACTAAGATCATGCAC-1,1010,814
GACTAAGTAGGCTCAC-1,872,911
GACTACAAAGCGGTGG-1,568,1444
GACTACAATTGCTCGT-1,1412,451
GACTCACCCACGTGAG-1,1747,1174
GACTCCCAGAATAAGG-1,1816,908
GACTCCTTCCAATTGA-1,415,1613
GACTCGCGGGAATGAC-1,1608,933
GACTCGGTCGGCGGAT-1,1759,474
GACTGATTGGTCACAA-1,1676,474
GACTGCACCAGCCCAG-1,1387,1369
GACTGCGGCACGTGTA-1,483,912
GACTGGGCGCCGCAAC-1,1579,402
GAGAATCTCACGATCA-1,344,1009
GAGACCCTGCAACGCC-1,1815,522
GAGACTGATGGGTAGA-1,1052,935
GAGACTTCGCGACCGA-1,1068,1539
GAGAGCGCAGTCCCTG-1,358,937
GAGAGGGCGCGAGGTT-1,831,1177
GAGAGGTGCATTCTGG-1,665,1322
GAGATCTGCTTGGCAT-1,886,1080
GAGATCTGTCACTCCG-1,1302,982
GAGATCTTCCATGACA-1,1345,1345
GAGATGACAATCCTTA-1,1955,908
GAGATGGGAGTCGACA-1,1276,1514
GAGCACGGCGCCTCTT-1,1970,1271
GAGCATCATCCCTGGG-1,829,549
GAGCCACGGTAGTAGG-1,926,476
GAGCCAGCTACCTGTG-1,1512,1538
GAGCCGAGCGTTTATT-1,1760,570
GAGCGAGGGAGTACCG-1,1079,596
GAGCGCAAATACTCCG-1,1762,1489
GAGCGCGCACGAGTAG-1,1568,1441
GAGCTAAGGGCATATC-1,1427,958
GAGCTCTCGGACCTAA-1,732,622
GAGCTGTCGTCTCGGA-1,1774,739
GAGGAATGGAGAGGTT-1,705,912
GAGGAGTAATTCCTAC-1,967,307
GAGGATAAACAGTGCT-1,1859,1222
GAGGCATTTGCAGCAG-1,1940,642
GAGGCCCGACTCCGCA-1,596,1588
GAGGCTATCAAAGTCG-1,650,1105
GAGGGCATCGCGTATC-1,732,525
GAGGGCCATAATATTA-1,1968,739
GAGGGCGCAGCTCTGC-1,1511,909
GAGGTACATCCATCTT-1,1218,548
GAGGTCCCAAAGATCT-1,635,694
GAGGTCTTAGTGGGTC-1,1592,329
GAGTAAACCGGAAAGT-1,1901,1488
GAGTAAGGCCACGGGA-1,470,1420
GAGTACGGGTATACAA-1,871,621
GAGTATCAAAGTTACA-1,1957,1633
GAGTATGCCCGCCTTG-1,873,1443
GAGTCAGACCAGAATC-1,943,1612
GAGTCCGCTTACCGGA-1,1081,1370
GAGTCGACAGACCCTC-1,400,961
GAGTCTTGTAAAGGAC-1,290,1396
GAGTGCACGGACAACA-1,2038,763
GAGTGTGCGGTACCCA-1,1498,1320
GAGTTGATGGCAATTT-1,540,1492
GATAAATCGGTGGATG-1,843,621
GATAACTCGCACTGTG-1,1511,1199
GATAAGGCAGATGCAA-1,662,501
GATACCGTGTCGGAGT-1,2039,1246
GATACGATGGGAGTCA-1,901,1346
GATAGGATTAATTACA-1,2025,1222
GATAGGTAACGTTGAC-1,1109,1418
GATAGGTGTCCCGGGC-1,1983,1198
GATATCTCATGCAATA-1,1079,548
GATATGAGACACTAAC-1,1400,1200
GATATGCGGTAGCCAA-1,1538,716
GATATTGAGATTGGCG-1,1664,1078
GATATTTCCTACATGG-1,1510,668
GATCATTCCAAACATT-1,1052,983
GATCCCTTTATACTGC-1,1108,935
GATCCGAATATAAGTG-1,1997,1125
GATCCGGGAATTAACA-1,1289,1200
GATCCTAAATCGGGAC-1,1594,909
GATCCTCGACACTGGC-1,721,1467
GATCCTCTTGCGCTTA-1,1426,426
GATCGACACTATCTGA-1,927,911
GATCGCGGGCTCTCCA-1,997,1128
GATCGCTACCCGATTT-1,1637,1465
GATCGGATAGAACCAT-1,456,1251
GATCGGCGATAAGTCG-1,469,743
GATCGGTGGCCATAAC-1,1219,934
GATCGTGACTGATATC-1,1275,1176
GATCTAACCGTATTCA-1,360,1517
GATCTCGACGCTGTGG-1,1915,1464
GATCTGCTATCTAAGG-1,1055,1756
GATCTTCATTGTCCTC-1,399,719
GATCTTGGAGGGCATA-1,1248,1321
GATCTTTGCAGGGTAT-1,803,1129
GATCTTTGCTCAAAGA-1,1940,546
GATGACAAGTAGGGCA-1,735,1636
GATGACGATGATCGCG-1,1843,715
GATGCCAGCAGAAGGC-1,510,815
GATGCGAATGGTATTA-1,413,888
GATGCGTCCTGCATTC-1,1067,1152
GATGCTACAAGCGCCT-1,982,669
GATGCTGTATTTCATC-1,1317,1296
GATGGCGCACACATTA-1,677,718
GATGGTGAAATAACCC-1,1912,401
GATGGTGCCCTAGGCA-1,1357,499
GATGTAACGAACCACC-1,568,1492
GATGTCCGGATCACAT-1,787,428
GATGTCGGTCAACTGC-1,1287,475
GATGTGTTGTCACAAG-1,1356,402
GATGTTCAATCCACGA-1,873,1249
GATGTTTGTGCGAGAT-1,691,742
GATTAACCGAAAGCCC-1,1568,1586
GATTAATCCTGGCTCA-1,662,356
GATTACTGAATTTGGG-1,817,1250
GATTCCCTTGTCGCAG-1,1205,862
GATTCCGCGTTTCCGT-1,1329,644
GATTCCTATACGGCGC-1,594,864
GATTCGACGGTTCACG-1,1261,1248
GATTGACACTCTGCTC-1,1148,379
GATTTAGTGCGTACTG-1,2037,618
GCAAACCCTACATTAT-1,1415,1417
GCAAACCTTGGCCATA-1,1207,1635
GCAAACGTCGCCAGGT-1,1901,1392
GCAAATATTACGCTTT-1,844,1104
GCAAATGAGGACACTT-1,345,1251
GCAACACACTAGAACT-1,498,1371
GCAACAGCAGTATGCG-1,1748,1368
GCAACCACCAGACCGG-1,1551,595
GCAACCACGGCCGCGT-1,678,1298
GCAACCCAAGTTGTTT-1,317,1009
GCAACGGCTAGTTATG-1,1845,1295
GCAAGAATTCCTTGGC-1,776,1322
GCAAGATGTGTTCGCG-1,1732,522
GCAAGCTGGAAACCGC-1,304,1565
GCAAGTGCACAGAGAA-1,858,839
GCAATTAGTCGCACCG-1,1983,1005
GCACAAACGAGGCGTG-1,1859,1367
GCACAAGTGTCGGAAG-1,1162,500
GCACACACTGGTAGCC-1,1582,1610
GCACACGCCCATGGTC-1,414,1082
GCACGCCTACTTAGAT-1,818,1588
GCACTAGTCGCGCTAT-1,871,573
GCACTCCCACAGTCCC-1,926,283
GCACTGTGCAAATGTA-1,732,477
GCAGAAACGTAATCCA-1,1968,449
GCAGAAGGTAATCTCC-1,1970,1464
GCAGACCCAGCACGTA-1,1706,1199
GCAGATCCATAAGACT-1,1457,1489
GCAGATCCTCGCAAAT-1,455,816
GCAGATTAGGGATATC-1,1122,1152
GCAGCACACAGCCCAG-1,859,1177
GCAGCCTATATCACAT-1,1844,1102
GCAGCGGTGGGCATTA-1,704,428
GCAGCTATGGACAGGT-1,1843,570
GCAGGAACTTAGATCT-1,485,1540
GCAGGACTATAGAATA-1,789,1105
GCAGGTAGAGTATGGT-1,1579,692
GCAGTGCGGGCGGATG-1,2026,1609
GCAGTTCGATCCGAGC-1,1915,1609
GCATAAATTGAACGCC-1,2023,449
GCATACGAGGTCTTTA-1,470,1178
GCATAGAGCACTCAGG-1,1095,1152
GCATCCCTAACTTTGA-1,857,645
GCATCGGCCGTGTAGG-1,1706,1440
GCATGAGGGACGCGGC-1,1525,982
GCATGGGTACTGACGC-1,317,1251
GCATTCAAGGCAACGC-1,1774,933
GCATTGACTTGCGGAA-1,332,1468
GCATTGTAATTCATAT-1,567,1250
GCATTTCCAAGGCTCC-1,1816,1053
GCCAACCATTTCCGGA-1,1747,885
GCCAAGAATACTTCTG-1,415,1371
GCCAATAGGGCATCTC-1,1705,860
GCCACAATTTAAGGAC-1,817,1346
GCCACTCAGAGCGCGA-1,1596,1682
GCCACTCCTTACGGTA-1,1929,1585
GCCAGGAGTAACCGAT-1,1510,764
GCCAGGCGTTCGCATG-1,1509,474
GCCATATTGCACACAG-1,1524,788
GCCATCGAGCTGCGTG-1,929,1539
GCCATCGATGCTGCAT-1,1802,1029
GCCATTAGCCTCAAAC-1,457,1589
GCCCACCAAGGCTGTC-1,801,549
GCCCAGATGCTGGAGA-1,1956,1150
GCCCAGTTGGTATGCC-1,802,790
GCCCGACTTCTTCCCG-1,623,1443
GCCCGATCTGTGGTCG-1,1151,1539
GCCCGCGCGTAAACGG-1,845,1443
GCCCGCGCGTTTGACA-1,830,742
GCCCGTAATACCTTCT-1,1372,910
GCCCTAGCCGTCGCGA-1,499,1565
GCCGAAATTCCTACGT-1,900,1104
GCCGATTGGCCAAGCT-1,1123,1249
GCCGCACTCCGTTTCA-1,1956,1295
GCCGCATTAGTCCGGC-1,511,1105
GCCGCTAGATACGCAG-1,1606,305
GCCGCTTGTGAGAAAC-1,831,1129
GCCGGAAACACATCTT-1,1009,331
GCCGGGTTAGGGTCGC-1,1095,1249
GCCGTGGAAGAAATGT-1,1872,1198
GCCTAGCGATCTGACC-1,857,742
GCCTATAGTGTCAGGG-1,1538,958
GCCTATGCTGGGCCTT-1,1857,691
GCCTATTCCGATATAG-1,691,839
GCCTATTTGCTACACA-1,968,452
GCCTCATCTGGAAATA-1,1595,1247
GCCTCTATACATAGCA-1,1318,1586
GCCTGCTACACTGAGA-1,1745,450
GCCTTCAGCCCTACCG-1,968,645
GCCTTGTATATGCAGT-1,482,671
GCGAAACGATCGGGAG-1,1665,1561
GCGAAACTTAACTGGA-1,1414,1320
GCGAAGCCATACCCGT-1,1122,1007
GCGACATGTAAACATC-1,1761,1150
GCGACGATAGTTGTAC-1,1026,1418
GCGAGAAACGGGAGTT-1,454,574
GCGAGAGGCCATGTAA-1,1843,763
GCGAGAGTTGCGTCCA-1,1761,1054
GCGAGCGCATGCTCCC-1,1789,1150
GCGAGGCCCGAGCAGA-1,928,1153
GCGAGTTCTGCAAAGA-1,1150,1104
GCGATTCTGGAAGCAG-1,1301,499
GCGATTGTTAACGTTA-1,1345,1151
GCGCAAATATATTCAA-1,665,1661
GCGCAAGAGCGCGCTG-1,1664,1223
GCGCATCCAGTCAGCA-1,1594,957
GCGCCGTTCCACGATA-1,1178,1249
GCGCCTCCCACTCCGA-1,1804,1416
GCGCGATGGGTCAAGT-1,884,307
GCGCGTCATTGGTACA-1,1429,1634
GCGCTAAGTATGCATG-1,1467,305
GCGCTAATTGAATAGA-1,1247,1079
GCGCTATGCCGAGGCA-1,928,1298
GCGCTCGATCACCTGT-1,2012,1343
GCGCTGATCCAGACTC-1,1482,668
GCGCTGCTTTGCATTT-1,1580,933
GCGCTTAAATAATTGG-1,1513,1634
GCGGACCGCGTTGTGG-1,873,1491
GCGGAGAAACTTCGCA-1,735,1588
GCGGAGAGGGAGAACG-1,1359,1369
GCGGCTCTGACGTACC-1,803,1177
GCGGGAACCAGGCCCT-1,941,693
GCGGGCATTACGATGC-1,1927,1005
GCGGGCGAGCCTTACC-1,985,1587
GCGGTAACCCAAATGA-1,593,429
GCGGTCCCGGTGAAGG-1,1926,667
GCGGTCCCTAGACGCA-1,899,573
GCGGTGAACTGCGCTC-1,1579,740
GCGGTTCCCTATCATG-1,956,1394
GCGTAAATGGCCATAA-1,1692,1078
GCGTCCAGCTCGTGGC-1,759,332
GCGTCGAAATGTCGGT-1,1177,669
GCGTCGCCAGGGTGAT-1,1137,1563
GCGTCTAACCTCCTAA-1,2025,1029
GCGTCTCTGCATTGGG-1,845,1201
GCGTGGTACTGGGTTA-1,1594,1102
GCGTGTATGTCGTATT-1,1120,331
GCGTTATATTTGGAAC-1,455,1009
GCGTTCGGAGACCGGG-1,1704,715
GCGTTCTGACTAAGCG-1,2040,1633
GCTAAACCTGAGGTGA-1,594,815
GCTAACTGAAGTCTGA-1,1499,1658
GCTAAGTAAAGGCGAT-1,455,912
GCTAAGTAGTTTCTCT-1,1386,1079
GCTAATACCGAATGCC-1,927,766
GCTACAGTACGGACCG-1,470,1226
GCTACGACTTATTGGG-1,1234,1297
GCTACTATAGTAGAGT-1,1581,1465
GCTAGACCGTCTACTG-1,1720,1271
GCTAGAGTAGAGATGT-1,1610,1610
GCTAGCACCTGGGCCA-1,1956,1198
GCTAGCAGGGAGTGGG-1,1676,619
GCTAGCTTGAATAGCT-1,887,1515
GCTAGGCACCACGGAG-1,1443,1562
GCTAGTAGAGCTTGTA-1,1178,1200
GCTAGTTTCATTGAGG-1,788,670
GCTATACGTCTCGGAC-1,1498,1513
GCTATCATACTCATGG-1,1360,1562
GCTATCGCGGCGCAAC-1,607,743
GCTATGCCAGCTTATG-1,304,1323
GCTCAATCCGTTTATT-1,762,1540
GCTCAATGTAATACCG-1,1082,1756
GCTCATTACTGCATGT-1,1565,571
GCTCCATGAGTGCAGA-1,2012,1633
GCTCCCAGTCGGTCCA-1,1789,1295
GCTCCGCTCGCTTCAG-1,1831,1271
GCTCCGGACGTTGATA-1,1703,329
GCTCCTGACATACTGG-1,721,1612
GCTCGCGGTTCCGCTC-1,455,864
GCTCGCTCATGTCCAA-1,1650,1247
GCTCGGAATTTAAAGC-1,1441,789
GCTCTAAACCCTGACG-1,1080,838
GCTCTATGTTACGTGC-1,830,887
GCTCTCGGGTACCGAA-1,1080,886
GCTCTTTCCGCTAGTG-1,1027,1805
GCTGAACTCTCCAGGG-1,1942,1222
GCTGAGGCGTGAGTAT-1,1164,1224
GCTGCACGGTTTCTTA-1,1289,1248
GCTGCTAAGTAGTCGA-1,1054,1611
GCTGCTACTGCGTAGC-1,1318,1490
GCTGCTCTCCGGACAC-1,1150,1007
GCTGGACCCAAAGTGG-1,1746,595
GCTGGCATATTCACCT-1,705,1008
GCTGGCGGCGCATGCT-1,1165,1563
GCTGGTGACTCGTAGT-1,1898,522
GCTGTATTACTGGCCC-1,804,1370
GCTGTCTGTGATCGAC-1,1537,281
GCTGTTGCTACCGAAC-1,1595,1199
GCTTAATGTAACTAAC-1,1442,1272
GCTTACGTAGTTAGTA-1,1831,1126
GCTTAGGGAAGCGGTA-1,1996,546
GCTTATGAAGCAGGAA-1,1511,1103
GCTTCAGTGGGATTAC-1,1842,425
GCTTCCGTCCCTAGAC-1,1344,958
GCTTGATGATAATCAG-1,774,791
GCTTGCAGCACAATTG-1,1899,715
GCTTGGATCGATTAGG-1,1622,1006
GCTTTCAGAGGAGGTG-1,1594,1054
GCTTTCTATCTCAACT-1,1898,377
GGAAACCTTGTTGAAT-1,1746,740
GGAAAGTGCCCATGCC-1,1524,740
GGAACCCGAACAAGAA-1,399,816
GGAACCGTGTAAATTG-1,929,1443
GGAACGGCCTGCAGCC-1,483,864
GGAAGATAAGACTGTA-1,1995,449
GGAAGCTCGCTTACAG-1,1426,523
GGAATAACCTCAAGAA-1,1106,403
GGAATGCGCTAGCGTG-1,1414,1030
GGACAAGTTGCAGTGA-1,372,1057
GGACACAAGTTTACAC-1,1817,1392
GGACCAACAGGATAAC-1,1207,1490
GGACCTACGGTAACGT-1,1788,667
GGACCTCTAGGCCGCC-1,693,1661
GGACGGCTTGCGCAAC-1,1676,426
GGACGTCCATAGTTGG-1,1885,594
GGACTAAGTCAGGAGT-1,344,913
GGACTCACAAATTAGG-1,1956,1440
GGACTCGAAGCTTTCA-1,1999,1705
GGACTCTTCCGGTTGA-1,1985,1633
GGAGAAGTCATTGGCA-1,844,815
GGAGACCAATGTGCTT-1,1913,787
GGAGACCATCTACATA-1,387,1468
GGAGACGACACCTTTG-1,1206,1297
GGAGCAACATTTCAAG-1,1707,1634
GGAGCACCAAGAACTA-1,1413,885
GGAGGATTGAAAGGAG-1,1287,427
GGAGGCCGAAGTCGTC-1,1886,1222
GGAGGCGAAGAACCGC-1,1676,329
GGAGGGCTTGGTTGGC-1,1358,1031
GGAGGGTCAAGTAAGA-1,1860,1754
GGAGTGCCGCCCTGGA-1,1010,717
GGATACTCATGAATTG-1,898,476
GGATCAAAGGACGAGG-1,995,403
GGATCAGAGCCATCAG-1,290,1299
GGATCATCCCGTACGC-1,1676,667
GGATCCGGAATATACT-1,1414,1079
GGATCTTGACTCAACC-1,512,1492
GGATGAAGATCGCTGA-1,1581,1272
GGATGACGCGAGTTTA-1,900,1153
GGATGCTGGCGTTCCT-1,539,1202
GGATGTCCTTACCGCA-1,1539,1103
GGATTAAGCTAAGGTC-1,1481,426
GGATTCAGTACGGTGG-1,732,718
GGATTCCGCTATACCC-1,1399,716
GGATTTCACTTCTATA-1,1427,1006
GGCAAAGGCGCCAATA-1,749,1564
GGCAAATTACTTTACT-1,1012,1249
GGCAAGCCAGGGATAG-1,1954,666
GGCAAGGCGAAATAGC-1,1234,1345
GGCAATAGTCAATGAG-1,1247,983
GGCACTCAGCCGACCC-1,1985,1585
GGCACTCCACTGGGCA-1,914,1080
GGCAGAGAGATCGGGA-1,317,1106
GGCAGCAAACCTATGC-1,1707,1489
GGCAGCGGTAATCCTA-1,1662,595
GGCATACAGGTAGCGG-1,719,1081
GGCATATCGGTTCTGC-1,1427,668
GGCATCAACGAGCACG-1,981,379
GGCCACAAGCGATGGC-1,884,355
GGCCCAATCTAGAGGG-1,1898,425
GGCCCAGTTATCAGCA-1,1884,546
GGCCCGGAGCATGTCT-1,1928,1101
GGCCCGTATACCATGC-1,1927,908
GGCCCTCACCCACTTA-1,595,1154
GGCCGTTTGGGTTTCA-1,902,1684
GGCCTTTGCAACTGGC-1,386,1130
GGCGAAATCTAACTTG-1,1484,1296
GGCGAACCGTTCTGAT-1,2038,666
GGCGAGCGAAACGGCA-1,373,1492
GGCGCAGGACATCTTC-1,650,1153
GGCGCATGAATTGATG-1,1025,1273
GGCGCGGAGATCTTTC-1,1471,1659
GGCGCGTTCGAGTTTA-1,1095,1394
GGCGCTCCTCATCAAT-1,538,670
GGCGGAGTAATATTAG-1,914,1032
GGCGGGCTCTAAGAGT-1,2040,1536
GGCGGTAGGATCATTG-1,1233,1007
GGCGTACCCTATATAA-1,995,307
GGCGTCCTATCCGCTG-1,733,1008
GGCTAAAGGGCGGGTC-1,1649,716
GGCTAATGATTGAAAT-1,1843,522
GGCTATTAAGTTGTAT-1,844,1056
GGCTCCTCCACCTGTT-1,763,1685
GGCTCGCGTTGAGGTA-1,1566,1006
GGCTCGTGCCACCAGC-1,802,742
GGCTCTGCTCCAACGC-1,1274,886
GGCTGAAATAGCAAAG-1,1373,1441
GGCTGAGCATCGTAAG-1,1648,474
GGCTGGCTAGCTTAAA-1,676,525
GGCTTTCAATAAGGGT-1,1138,1708
GGGAACGGGAGGTTAG-1,789,1201
GGGAATGAGCCCTCAC-1,1760,715
GGGACAGAGTTACTCC-1,540,1637
GGGACCCGTATATCTT-1,1013,1636
GGGACTGCATAGATAG-1,1108,1031
GGGAGAACTCACAGTA-1,1164,1031
GGGAGGATGCCCGAAA-1,983,1152
GGGAGTAATGGCTGGC-1,857,500
GGGAGTTAATGAGGCG-1,1317,1055
GGGATACGGTAATAAT-1,371,768
GGGATCCCAATACAAA-1,1940,691
GGGATGGTCGTAACCG-1,873,1394
GGGATTTACCGCACCT-1,1525,1272
GGGCAACCGCACGTGC-1,540,1589
GGGCAGACGTCACTGC-1,332,1420
GGGCAGAGCAATCGTT-1,1110,1660
GGGCCCGTCTTAAACA-1,998,1273
GGGCCCTACGAAAGGG-1,498,1178
GGGCCCTTATCTATAC-1,344,1058
GGGCCGGCCGAAGTAC-1,1442,1127
GGGCCTAAATGGGCTA-1,401,1347
GGGCCTATTTAAGTAT-1,1898,570
GGGCGATATGTGTGAA-1,1080,935
GGGCGCAGCGTTACTC-1,1941,1077
GGGCGGCAAATGAATT-1,901,1443
GGGCGGGTTCCCTACG-1,789,1298
GGGCGGTCCTATTGTC-1,663,598
GGGCGTACATTTATAT-1,1024,838
GGGCGTCACCACGTAA-1,970,1418
GGGCGTCCACTGGCTC-1,1440,644
GGGCTACTATTTCGTG-1,359,1468
GGGCTATGATCGATGG-1,985,1636
GGGCTCATCGAACCCA-1,1510,861
GGGCTGCCTAGGGCGA-1,1233,1055
GGGCTGGTTAGTCGCG-1,983,1007
GGGTAATGCTGTGTTT-1,565,477
GGGTACCCACGGTCCT-1,635,598
GGGTACTTCATGAACT-1,817,1153
GGGTATTCTAGCAAAC-1,485,1589
GGGTCACCGTGACGGT-1,928,1104
GGGTCACGTGCTTATG-1,1689,305
GGGTCATGCGTACCAT-1,469,791
GGGTCGTGGCAAGTGT-1,1760,860
GGGTGACACCTTAACT-1,1054,1370
GGGTGCATATGAAAGC-1,1830,981
GGGTGGTCCAGCCTGT-1,1231,427
GGGTGTTTCAGCTATG-1,1218,644
GGGTTAACATTTGAGT-1,971,1563
GGGTTCAGACGAACAA-1,538,719
GGGTTTAGGATAGGAT-1,1762,1295
GGTAAATGTGCGTTAC-1,1398,523
GGTAACCGGGAGGATA-1,652,1637
GGTAACTATGTATCTG-1,885,549
GGTACAAACATGCTAT-1,1025,1225
GGTACACCAGATTTAT-1,1913,884
GGTACATCTGGGACGA-1,525,1178
GGTACCATTAAGACGG-1,1733,957
GGTACTAAGTGCTTTG-1,1984,1488
GGTAGAAGACCGCCTG-1,1262,1538
GGTAGACCGTTGGGCG-1,1012,1539
GGTAGTGCTCGCACCA-1,1275,1079
GGTATAGTGACACATA-1,1858,1078
GGTATTGCCGAGTTTA-1,1011,1056
GGTCAAGACTACTTCG-1,1734,1537
GGTCACGTTAGATTCA-1,801,404
GGTCAGTGGGTCCCAC-1,1137,1418
GGTCATTGTAGTCATA-1,1940,594
GGTCCCATAACATAGA-1,1703,281
GGTCGGATAAACGGCG-1,1621,812
GGTCGGCCAGGAGCTT-1,1441,1030
GGTCGGTAATTAGACA-1,774,549
GGTCGGTCGTCCACAG-1,999,1611
GGTCGTAAGCTCGCAC-1,540,1444
GGTCTCCAAGTAGTGC-1,2012,1440
GGTCTCTGAATGGACT-1,748,1516
GGTCTGAGAATCTGGA-1,1386,982
GGTGAAACCGGGAATG-1,940,403
GGTGAACGGGCTAGCC-1,718,452
GGTGAAGTACAGGGAT-1,790,1395
GGTGAGATGCAGATAA-1,774,646
GGTGATAAGGAGCAGT-1,1372,1151
GGTGATTTCATCTTGT-1,815,476
GGTGCAGAGCCTATCG-1,1718,546
GGTGCGGATAAGTGGC-1,913,645
GGTGCTGGTACACATT-1,914,1273
GGTGGACCACGTGTTA-1,1731,425
GGTGGACTGCTCTGGC-1,1457,1586
GGTGGAGGTTGATACG-1,1970,1319
GGTGTTCTGTTTCTAC-1,1523,354
GGTGTTGGGCGTCTTA-1,1984,1440
GGTTACCACCCTCGGG-1,734,1346
GGTTACCCGACACTTT-1,1983,1053
GGTTAGCTATATGTCT-1,1484,1393
GGTTAGTTACGGCGCC-1,594,912
GGTTCCACCCGCTTCT-1,1523,305
GGTTCCCTAGTGTCTC-1,1981,425
GGTTCGATGCTGAGTT-1,1828,353
GGTTCGGATTATACTA-1,373,1202
GGTTCTACTCGTCTGA-1,1734,1199
GGTTGTATCGTGAAAT-1,981,283
GGTTGTGCTCTTGTCC-1,413,840
GGTTGTGTAGCCTGGC-1,456,1057
GGTTTAATTGAGCAGG-1,1885,884
GGTTTACAATCTCAAT-1,1288,862
GGTTTAGCCTTTCTTG-1,1692,1368
GGTTTCAATCGGTCAG-1,1539,1054
GGTTTGACAAGAAGCT-1,1829,546
GGTTTGAGTGCTGGAA-1,857,549
GGTTTGCGAACACGTA-1,1982,618
GTAACAACTGACCTTG-1,1926,522
GTAACATCTAAGATAA-1,1804,1609
GTAACTTGCGGCAGTC-1,829,500
GTAAGCGGGCAGTCAG-1,1149,814
GTAAGGATTTGTCGGA-1,1218,499
GTAAGTAACAGTCTGG-1,1414,1224
GTAAGTAGGGTATACC-1,774,887
GTAAGTCCACACTCTA-1,1928,1295
GTAATAAAGGGCTCCC-1,1705,1005
GTAATCTGATTCTTCG-1,887,1467
GTACACTTACCTGAAG-1,1164,1128
GTACAGAGGCAAGGGT-1,1428,1151
GTACGACGGCGCTGCG-1,635,549
GTACGAGATTGCGACA-1,1066,766
GTACGCTTCATTGCAC-1,1276,1369
GTACGTCACGTATTAA-1,1759,522
GTACGTTTGCCCGTCA-1,1220,1321
GTACTAAGATTTGGAG-1,1038,911
GTACTCCCTTATCGCT-1,664,1129
GTACTCCTGGGTATGC-1,1691,885
GTACTGAGGTCGTAAC-1,926,524
GTACTGCATGAAGCGT-1,815,525
GTACTGGAGTTAGACC-1,1400,1055
GTACTTGGGCACTTCT-1,732,670
GTAGAAACGGGTGGAG-1,497,840
GTAGACAACCGATGAA-1,1037,427
GTAGACGTCGTTACAT-1,815,573
GTAGAGGGAGACAAGT-1,707,1491
GTAGCCAAACATGGGA-1,1248,1466
GTAGCGCTGTTGTAGT-1,968,403
GTAGCGGCTATACACT-1,1234,1200
GTAGCTAGTAAGCGCG-1,1384,306
GTAGCTTCCTCTTGTT-1,1511,1006
GTAGGTGATCCGTGTA-1,1371,668
GTAGTCGCGGGAATCA-1,1401,1441
GTATAATCTCCCGGAT-1,440,598
GTATAGGACTCAGTAG-1,1080,741
GTATAGTGGCCCATGT-1,1551,353
GTATCAAACGTTAGCT-1,1623,1586
GTATCAGCTTGGGTTC-1,746,742
GTATCTCAGTCTTGAC-1,582,1661
GTATCTCCCTAACTGT-1,1106,258
GTATCTTGTTGCTCAC-1,1023,258
GTATCTTTCATAACCA-1,1192,1369
GTATGAAATTTCACTC-1,582,1516
GTATGACGTGGGAAAC-1,676,428
GTATGTGGGTCTAGTT-1,1553,1175
GTATTAAGGCGTCTAA-1,635,743
GTATTAGGGTTCGCGT-1,1787,425
GTATTCTGAGAAACGA-1,804,1419
GTATTCTTACCGTGCT-1,565,429
GTATTTAATGGCATAA-1,1943,1512
GTCAAAGAAGTGGTGT-1,526,1613
GTCAAAGTTTACATAG-1,676,573
GTCAAGCGGACTCGGG-1,1345,1200
GTCAATGCTATAATTT-1,1941,787
GTCAATTGTACTGAAG-1,898,379
GTCACAAAGTTTCCAA-1,1120,475
GTCACCTGTCTATGTC-1,1620,329
GTCACTCTCCAAATCT-1,705,815
GTCAGAATAGTCTATG-1,719,984
GTCAGTTGTGCTCGTT-1,1259,475
GTCATCTCCTACAGCT-1,440,550
GTCATGCACCTCCGTT-1,1122,959
GTCATGGACATGACTA-1,1136,886
GTCATTAGAGCGAACG-1,1206,1152
GTCATTGCATTGACCC-1,511,1009
GTCCATTACTGCTACG-1,1748,1271
GTCCCAACGTAAAGTA-1,1289,1055
GTCCCAATCATCCCGC-1,303,1275
GTCCGAGAGCAATCAT-1,386,1033
GTCCGGACCTGAAATT-1,1498,1562
GTCCGGCTGAATTGCG-1,997,935
GTCCTACAGGCGGCTC-1,496,695
GTCCTACGAATAGTCT-1,1540,1538
GTCCTACTCTACGGGC-1,360,1565
GTCCTATTGTTGTGGT-1,372,961
GTCCTTCTAGTGGGTT-1,1412,499
GTCCTTTAATGACTTC-1,1718,450
GTCGATAGGTGACTTT-1,1957,1536
GTCGCCGTTGTGTGTT-1,874,1636
GTCGCGTAACCCGTTG-1,1317,1200
GTCGGAAGGATACCAG-1,1871,570
GTCGGATATCTCAGAC-1,775,1032
GTCGGATGTAGCGCGC-1,1343,668
GTCGGGAACATGGTAG-1,331,1227
GTCGTACCATCTCGGG-1,1137,1369
GTCGTACCTACGATTG-1,400,1154
GTCGTATTGGCGTACA-1,1593,716
GTCGTCAATTATAAGG-1,898,524
GTCGTCTGGTTGGCTA-1,1969,981
GTCGTGTCTGGTCATC-1,1802,933
GTCGTTATTCGCTTAT-1,1331,1369
GTCTACTCAATTACAA-1,456,1154
GTCTATCTGAGTTTCT-1,859,1225
GTCTATTGGTTCCGGT-1,1526,1465
GTCTCGACTAAGTTTG-1,1816,860
GTCTCGATCTGCTTTC-1,1385,741
GTCTGGGCGGTCGAGA-1,887,1370
GTCTTAGTACAGCCGG-1,1357,547
GTCTTGAGGAGCAGTG-1,1886,1174
GTCTTGTAGCTATTCA-1,1831,1319
GTGAAACGGCGCCACC-1,1496,837
GTGAAACGTGCTCCAC-1,787,525
GTGAACTCCCATTCGA-1,1719,981
GTGAAGATTTCAAGTG-1,1705,764
GTGAAGCCGTATAGTC-1,1760,764
GTGAAGTCACGACTCG-1,373,1444
GTGACCGCACACTACG-1,1539,1199
GTGACCTAAAGAATAA-1,1997,980
GTGACGAGGGTGACCC-1,1858,1029
GTGACTTCAGTAGTGC-1,970,1370
GTGAGCGTGCTGCACT-1,622,1057
GTGAGGACACTTAAGG-1,1345,1248
GTGAGGAGCGGTTGAG-1,1482,571
GTGAGTCTAAGACGGA-1,427,864
GTGAGTGGTACAACGC-1,1054,1515
GTGATCACTAACGCCT-1,1623,1392
GTGATCATAGATCTGC-1,1067,1346
GTGATGCACAACATCT-1,1607,547
GTGATTCGCCGCTCAA-1,831,1419
GTGCAACAAATGTGGC-1,1135,596
GTGCACGAAAGTGACT-1,1260,668
GTGCAGCGTAGAGTAG-1,1998,1512
GTGCCATCACACGGTG-1,748,1274
GTGCCCGTTCGGATTC-1,1456,1199
GTGCCGCTTCAAAGGT-1,887,1322
GTGCCTAGCTATGCTT-1,426,574
GTGCCTCAGTGTACGG-1,1565,523
GTGCGAAATCGAACAC-1,873,1346
GTGCGACAGGGAGTGT-1,1664,1126
GTGCGCAGCTTGCTCC-1,731,380
GTGCGGGACCATCGGC-1,829,404
GTGCGGGTCTCCAAAT-1,1052,741
GTGCGTGTATATGAGC-1,1428,1248
GTGCTCAAGTACTGTC-1,997,1080
GTGCTGCAGATAAGGA-1,372,1154
GTGCTTACATCAGCGC-1,1887,1367
GTGGAACCTACATGCG-1,1399,620
GTGGACCAACCCGATT-1,679,1347
GTGGACGCATTTGTCC-1,1165,1611
GTGGACGTGCTGAGAC-1,816,670
GTGGAGCATGTCGGCC-1,2011,1150
GTGGAGCGTTTACCGA-1,499,1661
GTGGAGTCGGCGGTTG-1,804,1564
GTGGCAAACAGCGGCA-1,554,1468
GTGGCGGGCCGTAGCT-1,1231,282
GTGGCGGTCCCAGCGT-1,553,1226
GTGGCGTGCACCAGAG-1,1675,281
GTGGGAAGACTGAATC-1,484,1347
GTGGGTACTGAGCGTA-1,304,1468
GTGGTATAGTCTGCCG-1,846,1636
GTGGTCAGCGAAGTAT-1,1551,450
GTGGTGATGGTTTGTG-1,2026,1560
GTGGTGGCCAAGTGAA-1,1373,1345
GTGGTTACTTCTTTCG-1,1733,1005
GTGGTTTCCGCCTTTC-1,720,1274
GTGTACCTTGGCTACG-1,1358,886
GTGTACGAACCGTTCC-1,2039,1294
GTGTATATCAGCGGGC-1,1332,1659
GTGTATGACTTTAAAG-1,842,380
GTGTCCGATAAGGCAT-1,1634,353
GTGTCGTATAGCGTTC-1,1332,1562
GTGTCGTATTCACCTT-1,1898,473
GTGTGAATAACTTAGG-1,1428,1055
GTGTTACTATGCGTCC-1,1317,1248
GTTAAAGTAGGACTGG-1,1429,1441
GTTAACATCACTTAAA-1,1290,1587
GTTAACTATGTTGTCA-1,1817,1295
GTTAAGTTAGAGTGGG-1,1886,1126
GTTAATGTCTATCTTA-1,441,985
GTTACAATTGGTGACG-1,734,1153
GTTACCTACAACTTGC-1,1206,1393
GTTACGAAATCCACGC-1,731,332
GTTACGGCCCGACTGC-1,815,331
GTTACTTTGGGCCTAG-1,984,1297
GTTAGAGTGTGCCGCT-1,1315,427
GTTAGCCGTAAATCAA-1,1802,981
GTTAGGCTACCCGTTT-1,471,1565
GTTATAATACGGTGAA-1,1762,1537
GTTATATCAGGAGCCA-1,1871,812
GTTATATTATCTCCCT-1,1054,1418
GTTATCACCTTCTGAA-1,1079,403
GTTATTAAATACGACC-1,1453,330
GTTATTAACGTGGGAG-1,524,791
GTTCAATCTATGTCAA-1,1440,354
GTTCACAGGAGTCTAG-1,747,1032
GTTCATCGTTTGGCTG-1,1733,1054
GTTCCAGTCTGACCAT-1,1010,669
GTTCCCGTAAACATAT-1,1929,1681
GTTCGCCATAAGTGCC-1,1011,1152
GTTCGCTGAGACGTCT-1,1790,1537
GTTCGGATCGGGAACA-1,1803,1319
GTTCGGGCGTACCATT-1,1775,1029
GTTCGTCTAAAGAACT-1,1512,1489
GTTCGTCTGGGTCCCT-1,1927,763
GTTCTTCCCTCGATGT-1,982,621
GTTGAACCGGTTCCAT-1,831,1274
GTTGAGTCCCGCCGGT-1,1359,1514
GTTGCACGGAGTTTCG-1,941,838
GTTGCGCTAACATTAC-1,1928,1246
GTTGCGGACGGTCAGG-1,1929,1536
GTTGGACCGCATCAGG-1,1885,739
GTTGGATTCAGTGGCT-1,1607,643
GTTGGATTGAGAACAC-1,1497,1030
GTTGGATTTGCGTTGG-1,970,1128
GTTGGTCATGCTATCC-1,1151,1587
GTTGTCGTGTTAGTTG-1,926,621
GTTGTTACATTGCGCT-1,1912,546
GTTTACGTTCCATCTG-1,1165,1418
GTTTATGGGATTTAGA-1,385,792
GTTTCATATCGTCGCT-1,650,1202
GTTTCCTGGAGGGTGA-1,955,863
GTTTCTGCAGTCTCCC-1,1275,1224
GTTTGACCAAATCCTA-1,1080,983
GTTTGGCCCAAGTTAT-1,1387,1272
GTTTGGCCGCTCAGCG-1,718,549
GTTTGGCGTCAGGCAC-1,1884,353
GTTTGGGCTTGTGAGC-1,1179,1490
GTTTGGTAGGGTCAAC-1,1096,1539
GTTTGTTAGCCAAGTA-1,318,1541
TAAACCCAGGAGGGCA-1,776,1564
TAAACGTCGTCAATGA-1,441,695
TAAAGACAACCCTTTA-1,1914,1222
TAAAGAGCCCGAAACC-1,912,500
TAAAGCGGTATTTCCA-1,957,1781
TAAAGCGTTAGGAGAA-1,1497,934
TAAAGCTGCAATAGGG-1,1621,667
TAAATCTTTACACCTC-1,1941,836
TAAATGAATCCGTTTC-1,677,815
TAAATGCCGTCTCATG-1,1704,522
TAAATGGGCTACTGAG-1,2041,1778
TAACAAAGGGAGAAGC-1,760,766
TAACATACAATGTGGG-1,1247,1176
TAACATACACGCGATC-1,624,1588
TAACCGCCCGCAGTGC-1,954,476
TAACCTACCGTCCGAG-1,1678,1054
TAACGCTTTGAGAGCG-1,677,912
TAACTATCGAAGGTCC-1,747,839
TAACTATTACGCCAAA-1,1761,957
TAACTCATCCGCGCGG-1,956,1297
TAACTCCATGGAGGCT-1,649,718
TAAGATTTAGCGGGAG-1,773,356
TAAGCAGGCGACACGC-1,539,1105
TAAGCCCTTACGACCA-1,1857,594
TAAGGAACTTGTGGGA-1,829,645
TAAGGCAACATAAGAT-1,1260,862
TAAGGCATAACATCAA-1,957,1636
TAAGGCTGAATCCCTC-1,1623,1344
TAAGGGCCTGTCCGAT-1,1596,1634
TAAGGGCTGGGAGAGG-1,525,1081
TAAGTAAATGTGCCGC-1,1620,377
TAAGTAACATCTTGAC-1,831,1370
TAAGTCGCCGAGTATC-1,721,1564
TAAGTTGCGACGTAGG-1,1596,1537
TAATAAACAAGGAGAT-1,1538,668
TAATACACAGTAGTAT-1,1163,741
TAATAGAACAGAGTTA-1,804,1467
TAATAGCTAAATGATG-1,1996,884
TAATAGTGACGACCAG-1,1427,910
TAATATTGAAATTCGC-1,927,669
TAATCAACCAAATGGG-1,2012,1488
TAATCGATCCGTACGT-1,1566,861
TAATGAAAGACCCTTG-1,511,864
TAATTAGATGGATATG-1,718,501
TAATTAGGACATCCGT-1,1775,1271
TAATTGGAATCGGGAA-1,1732,667
TAATTTCCGTCCAGTA-1,275,1227
TACAAATTGCGGAGGT-1,1398,281
TACAACGCACAACTCA-1,956,1249
TACAAGCTGTTCACTG-1,1009,282
TACAAGTCTCGTGCAT-1,650,1008
TACAATGAAACCAGCA-1,898,283
TACACCGTCGTTAGTC-1,1899,860
TACATAGGCATACACC-1,1109,1225
TACATCCCTATCCCTG-1,470,1323
TACATGACCTTATCCG-1,344,816
TACATGCCGGAATTGT-1,1971,1560
TACATTTCTAACGTGC-1,1039,1201
TACCAAATAGCCCAGA-1,1124,1684
TACCAATAAAGTACCA-1,1429,1586
TACCAGAAGTAGGTTC-1,984,1442
TACCAGCTAGGTTTAA-1,1176,524
TACCATGTATTGATTT-1,1998,1415
TACCGCGGACTTGCAG-1,1622,1054
TACCGGCTCACTGCCC-1,1179,1394
TACCGGTCGTTTCCAT-1,748,1322
TACCGTAGGTTAACTA-1,1068,1684
TACCGTGCCTCGGACC-1,1234,1490
TACCTACTCCCAGTAT-1,1138,1659
TACCTATCCCTAGAGG-1,303,1227
TACCTCACGCTTGTAC-1,1052,645
TACCTCAGTTGTCTGT-1,971,1708
TACCTTAAGATTTCCC-1,679,1443
TACGAACACGACTTCA-1,1011,1007
TACGACGCTTGCTGCG-1,1026,1370
TACGACTGCCTCTTAG-1,1192,1321
TACGAGAACTTCACGT-1,817,1105
TACGATCCAAGCCACT-1,1787,329
TACGATGTTGATCATC-1,761,1105
TACGCAGTTCTTTCCT-1,984,1249
TACGCCATATTCTAAT-1,1081,1225
TACGCCGAGGGTACCC-1,749,1612
TACGCCGCCTCAGAAG-1,2039,1343
TACGCCTCCATTCCGA-1,1096,1587
TACGCTATAGAAACCT-1,1719,1078
TACGCTCGGTATTGGA-1,1846,1730
TACGGGATGCTAGCAG-1,1427,765
TACGTGCAAGGTTCCT-1,2025,1077
TACGTGCACTATGCTG-1,732,767
TACGTTTACCGGCAAT-1,720,1226
TACTATGGTTCCTCAG-1,929,1636
TACTCGGCACGCCGGG-1,497,1130
TACTCTCCGAACAAAT-1,1399,765
TACTCTTTCGTCTTCA-1,915,1660
TACTGAACAGATTTAG-1,888,1612
TACTGCAATCAATTAC-1,1691,788
TACTGGACAGCTCGGC-1,622,1105
TACTGTTTCTCTGGTA-1,1928,1391
TACTTGTTAGTAGTCC-1,1483,1151
TACTTTACTGAGCCGG-1,1608,982
TACTTTCCGCACGCCA-1,540,1395
TAGAAACCACTAAGTA-1,1370,378
TAGAAAGGTGGCGCTA-1,1400,1006
TAGAAATTCACGTATA-1,414,1130
TAGAATTAAGGGCAAC-1,1329,499
TAGACGCCCGTACCGG-1,1525,1030
TAGACTACCTAGCGTT-1,1720,1175
TAGAGATCATGCAACT-1,637,1323
TAGAGCTACGAAGAAC-1,1010,572
TAGAGGTTCTACTTGT-1,1610,1561
TAGAGTCTAAGCGAAC-1,1039,959
TAGATATGGACTGGAA-1,1012,1442
TAGATCCGAAGTCGCA-1,1273,499
TAGATGGTTCCTTACT-1,1624,1682
TAGATTCCTGGTTATT-1,553,1033
TAGCAACCTGTCACAA-1,635,791
TAGCCATTTCAAAGTC-1,1512,1296
TAGCCGGCGGTCAGCG-1,1455,1054
TAGCGTCCCTCGATTG-1,1789,1344
TAGCGTCCGGTGTGGT-1,1346,1538
TAGCGTCGAATATTGA-1,331,1082
TAGCGTTGGGTCTTAC-1,1220,1176
TAGCTAAGTCCGGGAG-1,1066,959
TAGCTAGAAGGCATGA-1,984,1491
TAGCTAGTGATGATGG-1,943,1708
TAGCTCAGATCCTAGT-1,1884,449
TAGCTCGCCTGATAAC-1,1082,1466
TAGCTGATGTGAAGCG-1,414,1275
TAGGAACAGCCTCCAG-1,1481,378
TAGGCATGTTACGCCA-1,1455,813
TAGGCGATGAGGTCTC-1,429,1589
TAGGGAGCTTGGGATG-1,1608,1127
TAGGGTGTTTCAAGAG-1,1024,790
TAGGTCGCCGGAACTG-1,1664,1030
TAGGTGAGCCCTACTC-1,733,960
TAGGTGCTCGCCTAGC-1,1470,1224
TAGGTGTTCCACAGAT-1,1110,1708
TAGGTTCGAGTTCGTC-1,1206,1103
TAGTACCTTAGTGGTC-1,566,767
TAGTAGCTTATACCAG-1,874,1733
TAGTCCGCAGAGAATG-1,1011,1201
TAGTCCGTATGCATAA-1,454,622
TAGTCGATCACGGGTT-1,1609,1416
TAGTCTAACAACGAGA-1,748,1226
TAGTCTGTGACGTTGC-1,1705,812
TAGTCTTTCCGAATTG-1,1887,1464
TAGTGAGAAGTGGTTG-1,842,331
TAGTGCCCTCCAGAGT-1,997,1032
TAGTGGAACTCATACA-1,1426,330
TAGTGTCAGAAACGGC-1,538,767
TAGTTAAGATAGGATA-1,1412,547
TAGTTTATTCTTGCTT-1,1065,572
TATAAATCCACAAGCT-1,885,742
TATAAGTGAGGATAGC-1,816,766
TATACACAGACGCCTT-1,1109,1466
TATACACGCAAAGTAT-1,774,694
TATACCGAGTGCCACA-1,1943,1464
TATACTCATGCGGCAA-1,524,743
TATAGAGTCGCTTGAA-1,916,1805
TATAGATGGTCGCAGT-1,1692,1223
TATAGCGCACGTTATC-1,373,1396
TATAGGGTACTCATGA-1,553,1129
TATATCATTGATCAGT-1,358,985
TATATCCCTGGGAGGA-1,1636,1126
TATATGCTGGGTTGCC-1,372,816
TATATTACAAATGTCG-1,1760,667
TATATTCGCGTCGATA-1,1134,451
TATCAAAGGTCTGTAA-1,358,888
TATCACAGCACGGGCA-1,1162,355
TATCACCATGTAAAGT-1,1593,474
TATCACCCAACCGACC-1,1663,836
TATCACTTCGAGTAAC-1,1649,667
TATCAGTGGCGTAGTC-1,387,1565
TATCCAATTGGTTATC-1,1374,1586
TATCCATATCATGCGA-1,996,693
TATCCGCACCGTCGGG-1,1013,1684
TATCCTGCATGGGAAT-1,1024,597
TATCGATCTATGCATA-1,1496,789
TATCGATGATTAAACG-1,955,814
TATCTACAGAGGTAAT-1,608,984
TATCTACCACAGCGGG-1,1109,1273
TATCTAGCCTAAAGGA-1,442,1081
TATCTTGCAATACAAC-1,499,1613
TATGACCTTGCGCTGG-1,276,1420
TATGATAAATCTAACG-1,1412,402
TATGATCCGGCACGCC-1,1830,884
TATGATCTTCTCTTTA-1,1526,1658
TATGATTCTGCTTGGT-1,759,380
TATGCTCCCTACTTAC-1,1122,862
TATGGAGTTTCTCGTT-1,718,404
TATGGATGTGCTACGC-1,1024,887
TATGGCCCGGCCTCGC-1,691,984
TATGGCTAGGCTAATT-1,2010,908
TATGGGACCGAGCAGG-1,1053,1128
TATGGGTACGTATCGT-1,1080,1031
TATGGTCTGAGTAACA-1,1081,1128
TATGGTTAGTGGGAGA-1,1734,1247
TATGTCAAGACCGACT-1,1552,740
TATGTCTCATTGTGCC-1,1414,982
TATTAACACCAAAGCA-1,415,1565
TATTAACCTGACCGCG-1,902,1636
TATTACCATCCTGCTT-1,1608,1175
TATTATGTTTGCCTGC-1,513,1637
TATTCAATTCTAATCC-1,1303,1079
TATTCCACTCAGCTCG-1,1068,1442
TATTCCGAGCTGTTAT-1,1471,1562
TATTCCGGCAGTCCTA-1,1065,379
TATTCCTCCGCCCACT-1,720,1419
TATTCGTGCCAGAATA-1,1164,1079
TATTGACATTTCTGCC-1,1900,1102
TATTTAGTCTAGATCG-1,1079,693
TATTTATACCGAGTAG-1,1357,644
TATTTGATTTGCACAG-1,1915,1561
TATTTGTTACCCTTTA-1,913,839
TCAAACAACCGCGTCG-1,1108,838
TCAAACTTAGATTGTT-1,1178,1007
TCAAAGAGCTATCTGT-1,345,1444
TCAACAAAGATAATTC-1,679,1540
TCAACACATTGGGTAA-1,760,525
TCAACATAGCGCCCTA-1,888,1660
TCAACATCGACCGAGA-1,498,1323
TCAACCATGTTCGGGC-1,983,862
TCAACGAGGAGACAAA-1,1053,1273
TCAACGCAGGAAATAA-1,707,1443
TCAACGCGACCGGCAG-1,595,1202
TCAACTAACGTATAAC-1,539,1009
TCAACTGCAGAGTCAG-1,1776,1609
TCAAGAAATACTAGCT-1,1775,1078
TCAAGCGCGGACGGTA-1,1860,1657
TCAAGCTGCCTTGAAA-1,2024,932
TCAAGGTTACTACACC-1,1706,1392
TCACAGATCCTCAAAC-1,482,526
TCACAGCAAACTCGAA-1,957,1491
TCACAGGAGAATAAGA-1,957,1587
TCACAGGGAATCGCAA-1,1373,1393
TCACAGGTTATTGGGC-1,941,1032
TCACCCTCTTAAGATT-1,1095,1345
TCACCGCTCGGCACTC-1,1552,982
TCACGATGTCCGTGGA-1,665,1516
TCACGCATTGTAGATC-1,955,1056
TCACGGTCATCGCACA-1,899,814
TCACGTGCCCGATTCA-1,1136,1176
TCACTACGACCAATGC-1,1593,571
TCACTATCGTGCAATC-1,745,356
TCACTCGTGCAACGGC-1,1565,619
TCAGAACCTCCACAGG-1,1747,981
TCAGACGCTATAGAAG-1,1276,1417
TCAGATGGAGACGTAG-1,2037,570
TCAGCAAATGCATCTC-1,1289,1007
TCAGCAGTAGGCCCTG-1,846,1733
TCAGGGCGCAAACTCG-1,496,791
TCAGGGTGCACGAAAC-1,1509,426
TCAGGGTGTAACGTAA-1,1275,934
TCAGGTTCTTTGAGAA-1,858,984
TCAGTACTGACCCGCG-1,747,887
TCAGTAGGGACTATAA-1,942,1370
TCAGTGTATACGTCAT-1,777,1660
TCAGTTACGGAATGAT-1,1314,330
TCATACTTACAGATCC-1,608,791
TCATCACTCGAGCTCG-1,677,670
TCATCCCAGAGGGTGG-1,1246,548
TCATCGATGGTCCCAA-1,679,1637
TCATGCAGGTTCTCAT-1,1440,692
TCATTCGTATAATTTG-1,1801,401
TCATTTAAGTCTCCGA-1,1650,1102
TCATTTAGAAGTGTGA-1,1804,1561
TCCAACTTTAAATTCT-1,831,1225
TCCAATAAAGGCTACC-1,1013,1781
TCCACAATGGTTTACG-1,775,984
TCCACCTCTAGCCTTT-1,1013,1732
TCCACTTTATCTAGGT-1,1372,1006
TCCAGAGCACCGGTTC-1,1248,1224
TCCAGATGTACGCCAA-1,1857,836
TCCAGCGCTATAAGCG-1,1887,1512
TCCAGGCGAGTACGGT-1,1066,1007
TCCATTAGTTGGATAG-1,634,404
TCCATTCCCACTAGAG-1,2024,690
TCCATTGTGACCTCGT-1,1329,451
TCCCAAACAGACAACG-1,1802,788
TCCCAAAGACGAAGGA-1,1108,886
TCCCAAAGCCCTAAAT-1,1900,1198
TCCCACGGAGGGAGCT-1,1314,282
TCCCACTCTCTTCCGG-1,1761,1005
TCCCAGCACACGACAT-1,1999,1609
TCCCAGCTTTAGTCTG-1,1053,1080
TCCCAGGCTTAGCTAA-1,941,983
TCCCGCCTATGTGCGT-1,1969,1029
TCCCGCGTACTCCTGG-1,1233,910
TCCCGGGTGTGCTGCT-1,747,1081
TCCCGGTCAGGAATTT-1,773,452
TCCCGTCAGTCCCGCA-1,1316,813
TCCCGTCGCGTCATAG-1,1872,957
TCCCGTGTGCAATTTG-1,1387,1320
TCCCTAGATCAATAGG-1,1858,933
TCCCTGGCTCGCTGGA-1,650,1057
TCCCTTAGATTACTCG-1,1468,692
TCCGAACGTTGCCGCT-1,1957,1488
TCCGAACTTGGCTTAC-1,539,1057
TCCGAAGTAGTCACCA-1,1801,594
TCCGAATGGTCCTGAG-1,1844,1005
TCCGAGAAGGCTAAGC-1,856,404
TCCGATAATTGCCATA-1,1163,693
TCCGATGACTGAGCTC-1,1330,789
TCCGATGGTGCGACAT-1,1010,862
TCCGATTACATTGCCG-1,719,1032
TCCGCCTGTCTACAAG-1,1304,1611
TCCGCGGCAGCATCTG-1,1442,1079
TCCGCGGCCCAATGAA-1,1651,1537
TCCGCTGTCATCCCGG-1,1401,1393
TCCGCTTATCCCATTA-1,1165,1466
TCCGGAGGAAGGGCTG-1,1773,594
TCCGGCCTAGCGTACA-1,1636,933
TCCGGCCTGCATCGAT-1,1412,306
TCCGGCTGTCGGGTCG-1,2040,1681
TCCGGTTCGTCCGGTC-1,1012,1491
TCCGTAACCACAATCC-1,496,743
TCCGTTAAGCTAATAT-1,1665,1513
TCCGTTTAGCCTTGAA-1,1511,958
TCCTAAATTGGGAAGC-1,1249,1611
TCCTAACCGTCGGGCA-1,916,1757
TCCTACATCCACGGCC-1,1442,1369
TCCTAGCAAAGAAGCT-1,845,1249
TCCTATCATAGGTAAC-1,1942,1367
TCCTCCTAAGACATTC-1,568,1395
TCCTCGGGCTGGGCTT-1,1331,1224
TCCTCTACGAGATGGC-1,719,887
TCCTCTCCAGTTGTCC-1,553,984
TCCTCTGGCCCATTAG-1,1495,499
TCCTGCCAACTGGAGA-1,1523,547
TCCTGCGTTGATACTC-1,692,1177
TCCTGGCGCTGCCTGG-1,1746,546
TCCTTACGACGGTCCG-1,1595,1441
TCCTTCAATCCCTACG-1,289,1251
TCCTTCAGTGGTCGAA-1,1232,620
TCCTTTAAATCCGCTT-1,1554,1610
TCCTTTCTTACGCTTA-1,1136,983
TCGAAATTTAGGACCA-1,900,959
TCGAAGAACCGAGCAC-1,1651,1344
TCGAATATCCCGCAGG-1,721,1661
TCGACAACTGAACCCG-1,485,1637
TCGAGACCAACACCGT-1,1039,1152
TCGAGCCAGGCAGGCC-1,790,1636
TCGAGGGCAACAGACG-1,1929,1633
TCGATAGGCTAGTCGC-1,940,452
TCGCAAAGATGCATTT-1,1317,1393
TCGCACCAGGAGGCAG-1,1387,1465
TCGCATCCCTAAGTGT-1,704,622
TCGCATTCAATGACTT-1,787,476
TCGCCCAACTGACTCC-1,1787,474
TCGCCCACTGCGAGAG-1,303,1130
TCGCCGAAGTTGCGTC-1,790,1346
TCGCCGCACCGCGTGA-1,359,1372
TCGCCGGATGGGCAAG-1,330,888
TCGCCGGTCGATCCGT-1,1121,717
TCGCGTAGCAGTGTCC-1,1651,1634
TCGCGTCCAGAAGGTC-1,678,1008
TCGCTAAACCGCTATC-1,1510,716
TCGCTCGATATATTCC-1,1150,959
TCGCTCGGCACCAGCG-1,1774,836
TCGCTGGGCGGATTGT-1,1302,934
TCGCTGTGCGTAAATC-1,843,670
TCGCTTAATTACGAAG-1,1954,570
TCGCTTTAAACGTTTG-1,1483,861
TCGGAATGACCATCAA-1,1329,402
TCGGAATGCGCTCTGA-1,664,984
TCGGACGCCCAGCCCA-1,1372,1055
TCGGAGAGTATCGGGA-1,595,1347
TCGGAGTACATGAGTA-1,1303,1031
TCGGCGAACCCAAACC-1,1734,1440
TCGGCGTACTGCACAA-1,457,1444
TCGGCTAACTTCCCTT-1,1342,330
TCGGCTTGTATCGACG-1,1610,1658
TCGGGAACGTGCCTAG-1,1789,1005
TCGGGATTCAAACATA-1,484,1202
TCGGGCACTTCTGGAT-1,912,307
TCGGGCCGTCGTGGTA-1,1498,1223
TCGGGTGAAACTGCTA-1,1051,500
TCGGTCCCGACAATAG-1,596,1637
TCGGTCCCTGACTCCA-1,1523,499
TCGGTGACCGCTCCGG-1,1787,619
TCGGTTAGCCATGTAG-1,1592,378
TCGTAAGACGACATTG-1,1344,910
TCGTAAGCTCCGAGGA-1,1746,643
TCGTATAGTGCAATTA-1,1051,548
TCGTATTACCCATTGC-1,622,1153
TCGTATTTCGTCCGGA-1,1398,378
TCGTCAAGTACGCGCA-1,804,1612
TCGTCCGCTGGCGTCT-1,830,790
TCGTCCGGGTACACTC-1,1954,473
TCGTCTTAGGCGTTAA-1,1429,1538
TCGTGTACTATGGATG-1,1345,1393
TCGTGTATTGGTCACG-1,1901,1537
TCGTGTCACGCTGACA-1,595,1298
TCGTGTTCGACCACAA-1,1735,1634
TCGTTAGGAGTCCCTA-1,1026,1515
TCGTTCGTTATTATGT-1,1134,500
TCGTTGCTATCCGGTC-1,915,1563
TCGTTGGCTCGTCAAT-1,704,477
TCTAAAGAACAGTCTC-1,415,1516
TCTAACTGTATGTAAA-1,427,912
TCTAATACTGCCTCAG-1,624,1637
TCTACACGTTCATGCA-1,1565,378
TCTACCCAATAGAGAG-1,1749,1609
TCTACCGTCCACAAGC-1,1205,910
TCTACGGGCTCAGTTG-1,1968,642
TCTAGCAATCTCCGCC-1,692,1371
TCTAGCATCTTCGATG-1,871,814
TCTAGCATGCCCAGAA-1,1193,1418
TCTAGGTGGCGACGCT-1,1650,957
TCTAGTGATATCGTGG-1,1637,1320
TCTAGTTATCAGAAGA-1,1025,1080
TCTATCATGCAGTTAC-1,829,694
TCTATCGGTCGCAACA-1,1163,789
TCTATTACGCTGGCGA-1,746,597
TCTATTACTAGAGGAT-1,484,1250
TCTCATGAGATAGGGT-1,1484,1441
TCTCCAACGTAGGTTA-1,1357,741
TCTCCCTGGGCAGCGT-1,1387,1562
TCTCGAACGAGGTCAC-1,1579,547
TCTCGACGTATCGCCG-1,1845,1343
TCTCGAGGAGGTTCGC-1,1832,1513
TCTCGGCTCCAGGACT-1,593,574
TCTCGTGTTACGAGGA-1,345,1348
TCTCTAATAGCTGGTA-1,996,742
TCTCTCGCCGCACATA-1,1873,1585
TCTGAACCGGTCGGCT-1,788,766
TCTGAACTCGTACCCG-1,1595,1392
TCTGAAGCACGTGGTC-1,1443,1610
TCTGAATTCCGTACAA-1,1580,1078
TCTGACGGGCTAACCC-1,1941,932
TCTGAGCAATTGACTG-1,1832,1561
TCTGATCGGGTGCTAG-1,1914,1077
TCTGATGTATTCTGTC-1,1429,1489
TCTGATTGGAAATGGA-1,1983,1101
TCTGCACCATTAGTAA-1,2038,860
TCTGCAGATTCGAGTC-1,344,864
TCTGCCAGAAACTGCA-1,1373,1248
TCTGCGAATCGTTCGC-1,1982,666
TCTGCGTCCGGTTTCT-1,593,622
TCTGCTTAGAACAAGC-1,2026,1464
TCTGGAGCGTAAGAGT-1,2025,1174
TCTGGCCGTTCAAGTT-1,1969,1126
TCTGGCGCAAGCCGGG-1,358,1082
TCTGGGAACCTTTGAA-1,1636,1223
TCTGGGTAGCGCTCAT-1,775,1226
TCTGTCATACAAGAGC-1,884,500
TCTGTGATGGAGGTTG-1,1856,401
TCTGTGCCATCATAGT-1,1386,1031
TCTGTGGCTACATTTC-1,926,331
TCTGTTACCCAGCATA-1,762,1491
TCTTACAGAGGTACCG-1,899,621
TCTTACCGGAACTCGT-1,1538,764
TCTTACGGCATCCGAC-1,677,863
TCTTACTTATGCCTCT-1,1567,1344
TCTTAGAGCTCCAATT-1,1775,1223
TCTTAGAGTGAACTCT-1,1650,1296
TCTTATGGGTAGTACC-1,995,258
TCTTCCCATGGGCACA-1,1608,1030
TCTTCGAATAGACGTT-1,1261,1200
TCTTCGATACCAATAA-1,1191,1031
TCTTCGCGGTGAGAGG-1,1888,1706
TCTTCTATAACCCGCC-1,1762,1344
TCTTGATGCGTAGCGA-1,1219,1031
TCTTGGTAACACCAAA-1,1177,765
TCTTTAAGACTATGAA-1,1636,1078
TCTTTAGAGTCTAACA-1,1859,1464
TCTTTAGCAGGCGAAC-1,1886,1077
TCTTTCCTTCGAGATA-1,1943,1657
TCTTTCTCTTAAGGAG-1,1370,426
TGAAACTTATGCAAGC-1,1287,523
TGAAAGGACCTGACTC-1,1428,1103
TGAACTGCTATGACTT-1,289,1203
TGAAGAGCGGTCCTAG-1,427,719
TGAATATGCTATAAAC-1,1857,643
TGAATGAGATACAGCA-1,2010,666
TGAATGTCAGCCGGCC-1,1790,1392
TGAATTTCACTTGCCT-1,331,1275
TGACAACGCATGTCGC-1,1997,1222
TGACACTTCTCTTTGC-1,1690,643
TGACAGGACAAGTCCA-1,401,1589
TGACATATATGACGAT-1,303,1178
TGACATCGAGCGGACC-1,1678,1102
TGACCAGCTTCAAAGT-1,1620,426
TGACCCACGTTAGACA-1,928,1056
TGACCCAGCATTCCCG-1,1731,329
TGACGAATATTTCCCT-1,581,1323
TGACGATGCACTAGAA-1,1595,1151
TGACTATAATCCTTTC-1,1220,1369
TGAGAATGCTTTACCG-1,1024,693
TGAGACGTACCTCTCA-1,345,1203
TGAGAGATTTACCACG-1,1539,1248
TGAGATCAAATACTCA-1,1148,427
TGAGATTAGGCCCTAA-1,1579,643
TGAGCAGTCGTGAAGT-1,815,380
TGAGCCATACAGTCTC-1,803,1274
TGAGCGGAAAGTGTTC-1,1179,1587
TGAGCTCAACTGTATA-1,1999,1657
TGAGCTTTAATGACGC-1,1454,716
TGAGGAGTGCCAGCTT-1,1082,1660
TGAGGCATGTACTGTG-1,388,1613
TGAGTAAATTAGCGTA-1,1067,1394
TGAGTGCCTCTTAAAT-1,845,1346
TGAGTGGTCCGTGACG-1,1441,982
TGAGTTAAAGACATTC-1,1831,1416
TGATACATTTAGCCGT-1,874,1588
TGATAGCGGGATTCTA-1,441,936
TGATCAGGGAACTGCT-1,609,1274
TGATCCCAGCATTAGT-1,1760,909
TGATCGGTTTGACCCT-1,1025,935
TGATCTACGCTGATCT-1,1663,643
TGATCTCCGGCGCCAG-1,969,935
TGATGGCTGTTTCTGA-1,1858,981
TGATGTCAATTAAGTG-1,1707,1682
TGATTATGGCACGCAG-1,1815,570
TGATTCAGGTCCCGCG-1,387,1420
TGATTCCCGGTTACCT-1,971,1805
TGATTCGTCTATCACT-1,844,1008
TGATTCTGTCGCCGGT-1,887,1418
TGATTTATTAGCTGTG-1,747,1177
TGATTTCCTCCTGACG-1,746,646
TGCAAGAATGACGTAA-1,1108,983
TGCAATTTGGGCACGG-1,1718,595
TGCACAGTGAAGTTAT-1,1662,546
TGCACGAGTCGGCAGC-1,1190,403
TGCACTATGTGAGTGC-1,454,671
TGCAGAACTATATCGT-1,581,1274
TGCAGAGTACCGAGCA-1,914,1177
TGCAGATCGTCCTAGG-1,526,1275
TGCAGCTACGTACTTC-1,498,1275
TGCAGGATCGGCAAAG-1,1302,837
TGCAGTGAGGCTCGGG-1,1954,618
TGCAGTTTCCTCCCAT-1,1525,1223
TGCATATGTCTGTCAC-1,1456,1103
TGCATGGATCGGATCT-1,1204,717
TGCATGTGGTAATCTA-1,1400,958
TGCCAAAGTCAGACTT-1,540,1299
TGCCAATGGGTACTCT-1,999,1563
TGCCACACTAGAGGAA-1,317,1299
TGCCACCTGGCGAAAC-1,1330,741
TGCCAGTACGTGGAGA-1,1262,1490
TGCCATGGCTTATAAG-1,1606,353
TGCCATTACTAAAGAA-1,1482,764
TGCCCGTACCGTTAAA-1,1317,1345
TGCCGAAAGCGTATTC-1,1928,1053
TGCCGTGGATCGTCCT-1,1151,1635
TGCCTAAATTTAATAG-1,2039,1198
TGCCTAATTGAAGATT-1,1735,1585
TGCCTGACATCGGTCA-1,552,646
TGCCTGATCAAACGAT-1,1246,741
TGCCTTGGCCAGGCAA-1,1415,1514
TGCGAATATGGGATTT-1,456,1347
TGCGACACCCTAGTGC-1,915,1370
TGCGAGAATATTACCC-1,832,1467
TGCGAGATGGCGGCCA-1,1871,522
TGCGAGCCCTTCCGCG-1,1690,546
TGCGATGCTAATGGCT-1,427,767
TGCGCAAAGCATTTGG-1,1205,1007
TGCGCCGTTAATAACG-1,1984,1246
TGCGCGATTAACGGAG-1,844,911
TGCGGAGTAAAGGTGC-1,1246,789
TGCGGCATAGTTCAAC-1,1023,548
TGCGGGTATTGGGATC-1,1259,282
TGCGGTCTACGAGTAA-1,1578,257
TGCGGTGAAATTTCAT-1,1190,548
TGCGTAAGAACCTGAT-1,873,1298
TGCGTCATGACTGAGC-1,568,1540
TGCGTGATTGGGTGTC-1,510,526
TGCGTTTGTTGACACT-1,1331,1272
TGCTAAGTGTCTATTT-1,1526,1513
TGCTATACAAACGGAC-1,1037,379
TGCTCACACAACAACC-1,1773,305
TGCTCCACAGTTCTTA-1,1595,1344
TGCTCGGCGAAACCCA-1,1124,1635
TGCTCTGCCGGTTCAC-1,2038,908
TGCTGCGTCAGAGTTA-1,1995,497
TGCTGGTTGGACAATT-1,844,766
TGCTGTTGAAGAACTC-1,1192,1176
TGCTTGAAACCATGCA-1,509,477
TGGAACCACTGACACA-1,1691,836
TGGAAGAAGGGAACGT-1,761,1201
TGGAAGACGAACACCA-1,913,597
TGGAAGGATAAAGATG-1,1218,741
TGGAATATCCTTGACC-1,1760,812
TGGAATTAGACGCTTT-1,524,888
TGGACACCGTTGCTTG-1,413,743
TGGACGCAATCCAGCC-1,554,1661
TGGACTGTTCGCTCAA-1,1289,1152
TGGAGCTAAAGTTCCC-1,1217,403
TGGAGGGAAACACCTC-1,1968,787
TGGAGTGATGCGATGA-1,844,960
TGGCAAACTAAATTAC-1,1359,1466
TGGCAACTCGCGCGCC-1,1469,789
TGGCAATGGGACGGCG-1,1748,1561
TGGCACGAGCTCGAGT-1,1648,377
TGGCAGATTACGATCA-1,1081,1321
TGGCAGCAGTAATAGT-1,1122,1200
TGGCATGAAGTTTGGG-1,443,1613
TGGCCAAACTGAAGTA-1,1330,934
TGGCCAATTTGGTACT-1,429,1444
TGGCCGTATATTGACC-1,802,887
TGGCGACTGCTCCAAA-1,929,1588
TGGCGATCAAGTTATG-1,1040,1491
TGGCGGTGTGCGATTG-1,870,428
TGGCTCTTGTCGCGTA-1,442,1275
TGGCTTGTACAAGCTT-1,1885,643
TGGCTTTGGGTAGACA-1,982,717
TGGGAAATGCCTTTCC-1,649,815
TGGGATGCACTCATTC-1,1634,547
TGGGCAATAGTTGGGT-1,1776,1368
TGGGCACAAACAGAAC-1,912,452
TGGGCACGTTCTATGG-1,1288,620
TGGGCAGGCCACCGCA-1,1887,1561
TGGGCCACAAGAGCGC-1,1274,693
TGGGCCCATACTAATT-1,1512,1393
TGGGTAAGGTTCCCGC-1,1371,571
TGGGTGGGATGTCATT-1,1829,498
TGGTAAGCAGGATTGA-1,428,1251
TGGTAGAATATATGGG-1,1665,1416
TGGTATCGCATCCCAA-1,1218,451
TGGTATCGGTCTGTAT-1,1093,427
TGGTCCCACGCTACGG-1,1304,1514
TGGTCGTGCAAGGCAA-1,373,1251
TGGTCGTTTGATAGAT-1,1745,305
TGGTCTGTTGGGCGTA-1,678,1153
TGGTGATCGTATTTGT-1,497,888
TGGTTAAGGGCGCTGG-1,1858,884
TGGTTCAACGGGTAAT-1,1304,1466
TGGTTCGTAGCAAAGG-1,1038,814
TGGTTGGAGGATCCTG-1,1537,523
TGGTTTAAACGTGGGT-1,1830,836
TGTAACTTGTCAACCT-1,703,332
TGTAATGACCACAATA-1,470,1130
TGTAATGCCTTCGGAC-1,1759,329
TGTACGAACAAATCCG-1,1081,1176
TGTACTACTCTCACGG-1,1941,739
TGTACTGTGCCAAAGT-1,870,380
TGTAGGAGAAATTTCC-1,1469,1079
TGTAGTGATCTATAAT-1,733,1105
TGTATAACAGATCCTG-1,1372,958
TGTATACGGATGATGA-1,2010,860
TGTATCAGACTGAAGC-1,1801,498
TGTATCCTTATTCCAT-1,968,500
TGTATGGCGCAGACAG-1,1567,1296
TGTATTTACCTAATGC-1,1690,498
TGTCATTTGTTGGGAA-1,1788,764
TGTCCCGACATAGCAC-1,1065,524
TGTCCGTGGCGCCTTT-1,525,985
TGTCCTAAGTCACCGC-1,692,1081
TGTCGGCATGGTGGAA-1,593,477
TGTCTACAGTTTCTGT-1,1010,524
TGTGACTACGCCAGTC-1,1288,765
TGTGCCAGAGGCAAAG-1,276,1565
TGTGCCGGTGCCGGAA-1,1623,1537
TGTGCTTTACGTAAGA-1,525,1130
TGTGGACTATCTACGT-1,2026,1512
TGTGGAGGAAGCTTAA-1,1051,307
TGTGGCAAAGCGTATG-1,1483,958
TGTGGCTCCCACCAAC-1,1914,1319
TGTGGTAGGGTGCCTT-1,2012,1536
TGTGTCGAAGTCGAGG-1,276,1275
TGTGTCGCGAGTTGCA-1,774,839
TGTGTGACCATGAATC-1,304,1420
TGTGTTCGTATCCAAG-1,566,1009
TGTTATTGTATGTGGC-1,1470,1320
TGTTCATAAATGTGCT-1,386,888
TGTTCCGCTTCCATGA-1,886,1129
TGTTCGTATTGCGGTG-1,1123,1442
TGTTCTCTACTCCCTA-1,1982,570
TGTTCTTCCATTGACT-1,872,1056
TGTTGCCGTCGTCCCA-1,1970,1367
TGTTGTCAAGAAGTCT-1,1413,837
TGTTTAATACTTCATC-1,1343,475
TGTTTCGGTACTTCTC-1,1052,693
TGTTTGAGATCGTCAG-1,1873,1440
TTAAACAGAGTCCCGC-1,648,477
TTAAACCGGTAGCGAC-1,995,452
TTAAACCTGGTTCCTT-1,441,888
TTAAACTCGAATTCAT-1,1594,1006
TTAACACCTCGAACAT-1,580,839
TTAACCAACCCTCCCT-1,1038,717
TTAACGAACAAGCAGT-1,1857,788
TTAACGTCGCAAGACC-1,1023,500
TTAACGTTAAAGCCTG-1,331,1130
TTAACTCACGCGTGGA-1,469,840
TTAACTTCAGGTAGGA-1,637,1371
TTAAGACGAACGAACC-1,1606,402
TTAAGATAGGATTGAC-1,1678,1295
TTAAGCCGACAACTTC-1,1343,572
TTAAGCGCCTGACCCA-1,886,984
TTAAGGATACGGAGGT-1,815,428
TTAAGGCCCGTACTTT-1,624,1685
TTAATCAGTACGTCAG-1,1329,692
TTAATGCGAGGTAACT-1,1245,354
TTAATGTAGACCAGGT-1,1219,983
TTAATTTCAGACGCGG-1,1232,668
TTACAACTACGCATCC-1,997,838
TTACAGACCTAAATGA-1,1608,885
TTACATCGTGGCCTGG-1,774,742
TTACATGCCACAACTA-1,1706,1247
TTACCATTGATTACCC-1,664,1081
TTACCCATTGCCGGGT-1,1454,668
TTACCCTAACAGTCCT-1,608,839
TTACCCTAGGGATTGG-1,1082,1708
TTACCGCCTTAGGGAA-1,565,525
TTACGGATGGTTCGAG-1,1566,1054
TTACGGTGTCACCGAG-1,787,380
TTACGTAGCGCGTGCT-1,1662,305
TTACTAAAGGACTTTA-1,1359,1417
TTACTATCGGCTTCTC-1,497,1081
TTACTCCGGCCGGGAA-1,1358,1079
TTACTCTGGTACGTAC-1,706,1298
TTACTGGGATATTTCA-1,1026,1321
TTACTGTCTAGAGCTC-1,1871,715
TTACTGTTTCTCTACG-1,1217,306
TTAGAAGAACATGACT-1,1165,1514
TTAGAATAAGGGTCGG-1,902,1733
TTAGACACGATCGTTG-1,1468,644
TTAGACGAGTCACCTC-1,1387,1417
TTAGAGGGATATACAG-1,276,1469
TTAGAGTTTAGAAGGA-1,1470,1369
TTAGATAGGTCGATAC-1,565,574
TTAGCAACATGGATGT-1,663,743
TTAGCTAATACGATCT-1,1635,788
TTAGCTCTGTAATCCG-1,483,1009
TTAGCTGATTTGCCGT-1,1581,1175
TTAGGATGGGAGGGTA-1,2040,1391
TTAGGTCATAACCGAC-1,804,1660
TTAGTAGGGCGGCGGG-1,636,1081
TTAGTTATTCGTGGCA-1,1540,1393
TTAGTTCAAGTGTTCG-1,1830,788
TTATAGATGCACATTA-1,1009,379
TTATAGTCCAAGGTGC-1,1759,377
TTATATACGCTGTCAC-1,1303,1176
TTATATTTGGCAATCC-1,1163,886
TTATCCAATCGAACTC-1,732,573
TTATCCGGGATCTATA-1,1484,1489
TTATCCTCAAGGAATA-1,526,1516
TTATCGCCTGCGAAGC-1,511,912
TTATCTGACATTAGGA-1,387,1372
TTATCTGTATCATAAC-1,1107,790
TTATGAATGAAAGGGA-1,1150,1249
TTATGACAAACTGGAT-1,761,911
TTATGATCTTAACGAA-1,1414,1175
TTATGCGTCCCGGTCC-1,898,428
TTATTAGAGCGTGTTC-1,1248,1369
TTATTAGGGAAGCATC-1,1093,621
TTATTATCTGGAAGGC-1,1957,1585
TTCAAAGTCTCTAGCC-1,1317,1103
TTCAACGACCCGACCG-1,941,742
TTCAAGCCGAGCTGAG-1,1315,572
TTCAATACTCTGAATC-1,1470,1175
TTCAATTAGCCATAAT-1,1343,427
TTCACGAAAGGATCAC-1,1025,1176
TTCACTCGAGCACCTA-1,1235,1587
TTCAGAGTAACCTGAC-1,579,404
TTCAGCCCTGGTCCAC-1,1456,1393
TTCAGCTGGCGTGCCC-1,1596,1586
TTCAGGCGTCAAAGCC-1,498,1226
TTCAGTTTGTGGCAGC-1,372,912
TTCATGGCGCAACAGG-1,1316,717
TTCCAATCAGAGCTAG-1,1594,812
TTCCAATCTGGCTATC-1,915,1418
TTCCACACAGATTTGA-1,915,1467
TTCCACATTTCTCGTC-1,1342,282
TTCCAGACGAGATTTA-1,1817,1198
TTCCATCATGCGGTGA-1,1648,571
TTCCCGACGCTTCACT-1,1509,281
TTCCCGGCGCCAATAG-1,443,1371
TTCCGCAGAGAAATAT-1,1677,764
TTCCGCGTGAGGCGAT-1,1165,1369
TTCCGGCCTTGAGGCT-1,887,1563
TTCCGGCTCGACTTCT-1,1801,546
TTCCGGTATCTGTGTC-1,1873,1247
TTCCGGTTACCCACTT-1,1484,1344
TTCCTCGAGGGTGTCT-1,955,766
TTCCTCGGACTAACCA-1,1470,1465
TTCCTCTGCCCGAATA-1,483,1105
TTCCTTTCTGTGTTGC-1,621,525
TTCGACAGAGCCCGTG-1,1221,1514
TTCGACGGGAAGGGCG-1,885,839
TTCGAGCCGGCGCTAC-1,1981,473
TTCGCACTCGCGTGCT-1,899,863
TTCGCACTGTACGACA-1,1096,1732
TTCGCATCCGGAAGCA-1,537,525
TTCGCGCGCCATACGA-1,929,1684
TTCGCTAGGAAGTTGT-1,1900,1247
TTCGCTATCTGACGTG-1,1663,740
TTCGGACTGATGCCTT-1,1648,426
TTCGGCAACCCGCTGA-1,1496,644
TTCGGCTAGAGATGGT-1,607,694
TTCGGGACTAATCGCG-1,1275,1127
TTCGGGCGCTAGTCTT-1,790,1588
TTCGGGTTGCCACGGG-1,1902,1730
TTCGGTGGAGACGCCC-1,1956,1391
TTCGTAATCCCAGCGG-1,1468,547
TTCGTACTCCAGAACG-1,677,960
TTCGTGGGCTGGAAGC-1,1856,353
TTCGTTCAACGAAGTT-1,1732,812
TTCTAACCGAAGCTTA-1,1525,1078
TTCTACCTTTATGTTG-1,1440,402
TTCTACTTGCGAGGGC-1,719,791
TTCTAGAAAGTCTTAT-1,916,1708
TTCTAGGCCAATTGTG-1,885,790
TTCTATGCCTTTCGCA-1,1955,956
TTCTGACCGGGCTCAA-1,1443,1514
TTCTGCCGCGCCTAGA-1,1234,1442
TTCTGCGAGCGCCCTT-1,511,1057
TTCTGCGGGTTAGCGG-1,1386,1224
TTCTGCTAGACTCCAA-1,1747,933
TTCTGTTTCCTGTCGC-1,441,743
TTCTTAGTGAACGGTG-1,746,694
TTCTTAGTGGCTCAGA-1,1121,669
TTCTTATCCGCTGGGT-1,1679,1440
TTCTTCCCTTTGATAT-1,1245,306
TTCTTCGCAATAGAGC-1,1453,281
TTCTTGAGCCGCGCTA-1,845,1394
TTCTTGCTAGCATCTC-1,1803,1223
TTCTTGGACGATCTGC-1,721,1516
TTCTTGGAGTAATGAG-1,1371,765
TTCTTGTAACCTAATG-1,760,815
TTCTTGTGTCCATCAG-1,386,985
TTCTTTGGTCGCGACG-1,1719,836
TTGAAAGGTGTAAAGG-1,1704,571
TTGAACGAATCCTTTG-1,566,719
TTGAAGAATTCCCAGG-1,969,1032
TTGAATATGGACTTTC-1,1330,1079
TTGAATCGTTGTATAA-1,415,1420
TTGAATTCACGTGAGG-1,1622,1199
TTGACAGGAGCTCCCG-1,1651,1392
TTGACATGAACGTGGA-1,720,1322
TTGACCATGTTCTCCG-1,1358,837
TTGACCGTGTTAATGA-1,748,1467
TTGACGATTCAGCACG-1,982,476
TTGACGCTCCATGAGC-1,1678,1247
TTGACTACCATATGGT-1,845,1298
TTGACTATTGTCCGGC-1,1720,1368
TTGAGAAGTTTAGCAT-1,1485,1586
TTGAGAGTACTGCTAA-1,803,1322
TTGAGCAGCCCACGGT-1,1887,1319
TTGAGCGCCACGTGAT-1,1914,1174
TTGAGGCATTTAACTC-1,1537,426
TTGAGTCCCGCTGCTG-1,1928,1198
TTGATAGTCAATACAT-1,1872,908
TTGATCTAACTTTGTC-1,927,959
TTGATGTGTAGTCCCG-1,1524,837
TTGATTAGCTGTTTCT-1,748,1419
TTGATTATGCAGATGA-1,733,911
TTGCACAATTCAGAAA-1,1067,1297
TTGCACGGAGCAGCAC-1,1094,766
TTGCATGCTGATCACG-1,762,1250
TTGCCAAGCAGAACCC-1,1859,1319
TTGCCATAGCCCGCTC-1,610,1564
TTGCCCTGATCACGGG-1,747,1129
TTGCCGGTGATCCCTC-1,1621,522
TTGCGGCATCAGAAAG-1,901,1539
TTGCGGCGACTCATGC-1,1189,306
TTGCGTAGTTTGAGGA-1,538,864
TTGCGTCGGCCAACCG-1,846,1491
TTGCGTGAACGCTTAG-1,1607,595
TTGCTCCCATACCGGA-1,1274,789
TTGCTGAAGGAACCAC-1,1066,717
TTGCTGATCATGTTCG-1,1067,1056
TTGCTGCACCTATCCA-1,552,791
TTGCTGGCCGGGCTTC-1,1356,451
TTGGAAGAATACAGTC-1,609,1468
TTGGACATGTGGCTTA-1,678,1250
TTGGACCATCTGGCAA-1,1734,1489
TTGGACCTATAACAGT-1,1471,1610
TTGGAGTCTCCCTTCT-1,884,452
TTGGATATCGTCTACG-1,998,1418
TTGGATCGACTTCTGG-1,1107,500
TTGGATTGGGTACCAC-1,1038,669
TTGGCCATCTTGCGCT-1,566,670
TTGGCCTAGAATTTCG-1,1413,644
TTGGCGATCCGAATAT-1,1955,1101
TTGGCTCGCATGAGAC-1,788,815
TTGGGACACTGCCCGC-1,1247,934
TTGGGACGTAAGAGTT-1,1790,1488
TTGGGCGGCGGTTGCC-1,1330,982
TTGGGTTTATTCAGCG-1,2010,618
TTGGTATGGCTTGTGT-1,1900,1053
TTGGTCACACTCGTAA-1,943,1418
TTGGTTCGCTCAAAGG-1,2011,1198
TTGGTTGCGGTGCGCG-1,596,1540
TTGTAAGGACCTAAGT-1,720,1371
TTGTAAGGCCAGTTGG-1,1399,910
TTGTAATCCGTACTCG-1,1039,1104
TTGTACACCTCGAACA-1,290,1493
TTGTATCACACAGAAT-1,1301,547
TTGTCACCGCGGTATC-1,346,1541
TTGTCGTTCAGTTACC-1,1080,790
TTGTGAACCTAATCCG-1,1526,1610
TTGTGAGGCATGACGC-1,456,1299
TTGTGGCCCTGACAGT-1,1107,693
TTGTGGTAGGAGGGAT-1,665,1467
TTGTGGTATAGGTATG-1,2024,835
TTGTGTATGCCACCAA-1,1110,1611
TTGTGTTTCCCGAAAG-1,1096,1490
TTGTTAGCAAATTCGA-1,858,790
TTGTTCAGTGTGCTAC-1,1163,838
TTGTTGTGTGTCAAGA-1,1344,1006
TTGTTTCACATCCAGG-1,860,1660
TTGTTTCATTAGTCTA-1,693,1709
TTGTTTCCATACAACT-1,651,1347
TTGTTTGTGTAAATTC-1,981,428
